2026-03-23 11:25:02,111 - FeatureDistillation - INFO - ==================================================
2026-03-23 11:25:02,111 - FeatureDistillation - INFO - Starting feature distillation experiment for cross-platform recommendation...
2026-03-23 11:25:02,111 - FeatureDistillation - INFO - ==================================================
2026-03-23 11:25:50,525 - FeatureDistillation - INFO - ==================================================
2026-03-23 11:25:50,526 - FeatureDistillation - INFO - Starting feature distillation experiment for cross-platform recommendation...
2026-03-23 11:25:50,526 - FeatureDistillation - INFO - ==================================================
2026-03-23 14:20:31,172 - FeatureDistillation - INFO - ==================================================
2026-03-23 14:20:31,172 - FeatureDistillation - INFO - Starting feature distillation experiment for cross-platform recommendation...
2026-03-23 14:20:31,172 - FeatureDistillation - INFO - ==================================================
2026-03-23 14:30:57,453 - FeatureDistillation - INFO - ==================================================
2026-03-23 14:30:57,453 - FeatureDistillation - INFO - Starting feature distillation experiment for cross-platform recommendation...
2026-03-23 14:30:57,454 - FeatureDistillation - INFO - ==================================================
2026-03-23 14:40:35,422 - FeatureDistillation - INFO - ==================================================
2026-03-23 14:40:35,422 - FeatureDistillation - INFO - Starting feature distillation experiment for cross-platform recommendation...
2026-03-23 14:40:35,422 - FeatureDistillation - INFO - ==================================================
2026-03-23 14:40:35,526 - FeatureDistillation - INFO - 从Books_5.json.gz读取到 10000 条有效记录（指定最大行数：10000）
2026-03-23 14:40:35,551 - FeatureDistillation - INFO - Books平台数据采样：9997条 → 1000条（采样比例0.1）
2026-03-23 14:40:35,551 - FeatureDistillation - INFO - Books平台最终加载：1000条有效数据（仅读取全量的0.01M行）
2026-03-23 14:40:35,616 - FeatureDistillation - INFO - 从Electronics_5.json.gz读取到 10000 条有效记录（指定最大行数：10000）
2026-03-23 14:40:35,637 - FeatureDistillation - INFO - Electronics平台数据采样：9999条 → 1000条（采样比例0.1）
2026-03-23 14:40:35,637 - FeatureDistillation - INFO - Electronics平台最终加载：1000条有效数据（仅读取全量的0.01M行）
2026-03-23 14:40:35,685 - FeatureDistillation - INFO - 从Clothing_Shoes_and_Jewelry_5.json.gz读取到 10000 条有效记录（指定最大行数：10000）
2026-03-23 14:40:35,738 - FeatureDistillation - INFO - Clothing平台数据采样：9968条 → 997条（采样比例0.1）
2026-03-23 14:40:35,740 - FeatureDistillation - INFO - Clothing平台最终加载：997条有效数据（仅读取全量的0.01M行）
2026-03-23 14:40:35,853 - FeatureDistillation - INFO - Books平台预处理完成：
2026-03-23 14:40:35,854 - FeatureDistillation - INFO -   - 特征维度：6 | 样本量：126
2026-03-23 14:40:35,854 - FeatureDistillation - INFO -   - 正样本：63 | 负样本：63
2026-03-23 14:40:35,924 - FeatureDistillation - INFO - Electronics平台预处理完成：
2026-03-23 14:40:35,924 - FeatureDistillation - INFO -   - 特征维度：7 | 样本量：232
2026-03-23 14:40:35,924 - FeatureDistillation - INFO -   - 正样本：116 | 负样本：116
2026-03-23 14:40:35,963 - FeatureDistillation - INFO - Clothing平台预处理完成：
2026-03-23 14:40:35,964 - FeatureDistillation - INFO -   - 特征维度：5 | 样本量：166
2026-03-23 14:40:35,964 - FeatureDistillation - INFO -   - 正样本：83 | 负样本：83
2026-03-23 14:40:35,969 - FeatureDistillation - INFO - Books平台数据集划分：
2026-03-23 14:40:35,969 - FeatureDistillation - INFO -   - 训练集：(100, 6) | 验证集：(13, 6) | 测试集：(13, 6)
2026-03-23 14:40:35,970 - FeatureDistillation - INFO - Electronics平台数据集划分：
2026-03-23 14:40:35,970 - FeatureDistillation - INFO -   - 训练集：(185, 7) | 验证集：(23, 7) | 测试集：(24, 7)
2026-03-23 14:40:35,971 - FeatureDistillation - INFO - Clothing平台数据集划分：
2026-03-23 14:40:35,972 - FeatureDistillation - INFO -   - 训练集：(132, 5) | 验证集：(17, 5) | 测试集：(17, 5)
2026-03-23 14:40:35,972 - FeatureDistillation - INFO - 跨平台用户ID统一完成：总唯一用户数 = 524
2026-03-23 14:40:35,973 - FeatureDistillation - INFO - Using device: cuda
2026-03-23 14:40:36,080 - FeatureDistillation - INFO - Training model for Books...
2026-03-23 14:40:41,795 - FeatureDistillation - INFO - Platform: Books, Epoch: 1, Train Loss: 0.329002, Val Loss: 0.323166
2026-03-23 14:40:41,805 - FeatureDistillation - INFO - Platform: Books, Epoch: 2, Train Loss: 0.325137, Val Loss: 0.319658
2026-03-23 14:40:41,820 - FeatureDistillation - INFO - Platform: Books, Epoch: 3, Train Loss: 0.321647, Val Loss: 0.315413
2026-03-23 14:40:41,831 - FeatureDistillation - INFO - Platform: Books, Epoch: 4, Train Loss: 0.316979, Val Loss: 0.310083
2026-03-23 14:40:41,841 - FeatureDistillation - INFO - Platform: Books, Epoch: 5, Train Loss: 0.310617, Val Loss: 0.303137
2026-03-23 14:40:41,851 - FeatureDistillation - INFO - Platform: Books, Epoch: 6, Train Loss: 0.303503, Val Loss: 0.294290
2026-03-23 14:40:41,861 - FeatureDistillation - INFO - Platform: Books, Epoch: 7, Train Loss: 0.293138, Val Loss: 0.283200
2026-03-23 14:40:41,871 - FeatureDistillation - INFO - Platform: Books, Epoch: 8, Train Loss: 0.281706, Val Loss: 0.269880
2026-03-23 14:40:41,882 - FeatureDistillation - INFO - Platform: Books, Epoch: 9, Train Loss: 0.269998, Val Loss: 0.256373
2026-03-23 14:40:41,891 - FeatureDistillation - INFO - Platform: Books, Epoch: 10, Train Loss: 0.252680, Val Loss: 0.244940
2026-03-23 14:40:41,900 - FeatureDistillation - INFO - Platform: Books, Epoch: 11, Train Loss: 0.246390, Val Loss: 0.239355
2026-03-23 14:40:41,909 - FeatureDistillation - INFO - Platform: Books, Epoch: 12, Train Loss: 0.238405, Val Loss: 0.239060
2026-03-23 14:40:41,919 - FeatureDistillation - INFO - Platform: Books, Epoch: 13, Train Loss: 0.236603, Val Loss: 0.238651
2026-03-23 14:40:41,928 - FeatureDistillation - INFO - Platform: Books, Epoch: 14, Train Loss: 0.237299, Val Loss: 0.237115
2026-03-23 14:40:41,938 - FeatureDistillation - INFO - Platform: Books, Epoch: 15, Train Loss: 0.232355, Val Loss: 0.234950
2026-03-23 14:40:41,948 - FeatureDistillation - INFO - Platform: Books, Epoch: 16, Train Loss: 0.233547, Val Loss: 0.233929
2026-03-23 14:40:41,956 - FeatureDistillation - INFO - Platform: Books, Epoch: 17, Train Loss: 0.228156, Val Loss: 0.233291
2026-03-23 14:40:41,964 - FeatureDistillation - INFO - Platform: Books, Epoch: 18, Train Loss: 0.229375, Val Loss: 0.233893
2026-03-23 14:40:41,971 - FeatureDistillation - INFO - Platform: Books, Epoch: 19, Train Loss: 0.222110, Val Loss: 0.235446
2026-03-23 14:40:41,982 - FeatureDistillation - INFO - Platform: Books, Epoch: 20, Train Loss: 0.223575, Val Loss: 0.236473
2026-03-23 14:40:41,988 - FeatureDistillation - INFO - Platform: Books, Epoch: 21, Train Loss: 0.218038, Val Loss: 0.235768
2026-03-23 14:40:41,995 - FeatureDistillation - INFO - Platform: Books, Epoch: 22, Train Loss: 0.217937, Val Loss: 0.236433
2026-03-23 14:40:42,002 - FeatureDistillation - INFO - Platform: Books, Epoch: 23, Train Loss: 0.212113, Val Loss: 0.238896
2026-03-23 14:40:42,008 - FeatureDistillation - INFO - Platform: Books, Epoch: 24, Train Loss: 0.222730, Val Loss: 0.240671
2026-03-23 14:40:42,015 - FeatureDistillation - INFO - Early stopping at epoch 25 for Books!
2026-03-23 14:40:42,878 - FeatureDistillation - INFO - Platform Books evaluation metrics: {'AUC': 0.8571428571428571, 'F1-score': 0.625}
2026-03-23 14:40:42,879 - FeatureDistillation - INFO - Training model for Electronics...
2026-03-23 14:40:42,896 - FeatureDistillation - INFO - Platform: Electronics, Epoch: 1, Train Loss: 0.320055, Val Loss: 0.305522
2026-03-23 14:40:42,914 - FeatureDistillation - INFO - Platform: Electronics, Epoch: 2, Train Loss: 0.304539, Val Loss: 0.284642
2026-03-23 14:40:42,928 - FeatureDistillation - INFO - Platform: Electronics, Epoch: 3, Train Loss: 0.284607, Val Loss: 0.258212
2026-03-23 14:40:42,944 - FeatureDistillation - INFO - Platform: Electronics, Epoch: 4, Train Loss: 0.259042, Val Loss: 0.234179
2026-03-23 14:40:42,960 - FeatureDistillation - INFO - Platform: Electronics, Epoch: 5, Train Loss: 0.242704, Val Loss: 0.220360
2026-03-23 14:40:42,978 - FeatureDistillation - INFO - Platform: Electronics, Epoch: 6, Train Loss: 0.231782, Val Loss: 0.217869
2026-03-23 14:40:42,994 - FeatureDistillation - INFO - Platform: Electronics, Epoch: 7, Train Loss: 0.233263, Val Loss: 0.218270
2026-03-23 14:40:43,007 - FeatureDistillation - INFO - Platform: Electronics, Epoch: 8, Train Loss: 0.222375, Val Loss: 0.219474
2026-03-23 14:40:43,023 - FeatureDistillation - INFO - Platform: Electronics, Epoch: 9, Train Loss: 0.227384, Val Loss: 0.221296
2026-03-23 14:40:43,037 - FeatureDistillation - INFO - Platform: Electronics, Epoch: 10, Train Loss: 0.230400, Val Loss: 0.219980
2026-03-23 14:40:43,052 - FeatureDistillation - INFO - Platform: Electronics, Epoch: 11, Train Loss: 0.222772, Val Loss: 0.219171
2026-03-23 14:40:43,065 - FeatureDistillation - INFO - Platform: Electronics, Epoch: 12, Train Loss: 0.224138, Val Loss: 0.218417
2026-03-23 14:40:43,079 - FeatureDistillation - INFO - Platform: Electronics, Epoch: 13, Train Loss: 0.225497, Val Loss: 0.217976
2026-03-23 14:40:43,095 - FeatureDistillation - INFO - Platform: Electronics, Epoch: 14, Train Loss: 0.222543, Val Loss: 0.217543
2026-03-23 14:40:43,115 - FeatureDistillation - INFO - Platform: Electronics, Epoch: 15, Train Loss: 0.219760, Val Loss: 0.217389
2026-03-23 14:40:43,129 - FeatureDistillation - INFO - Platform: Electronics, Epoch: 16, Train Loss: 0.218689, Val Loss: 0.217242
2026-03-23 14:40:43,145 - FeatureDistillation - INFO - Platform: Electronics, Epoch: 17, Train Loss: 0.223862, Val Loss: 0.217077
2026-03-23 14:40:43,162 - FeatureDistillation - INFO - Platform: Electronics, Epoch: 18, Train Loss: 0.221285, Val Loss: 0.216748
2026-03-23 14:40:43,176 - FeatureDistillation - INFO - Platform: Electronics, Epoch: 19, Train Loss: 0.222569, Val Loss: 0.216467
2026-03-23 14:40:43,192 - FeatureDistillation - INFO - Platform: Electronics, Epoch: 20, Train Loss: 0.219521, Val Loss: 0.216349
2026-03-23 14:40:43,208 - FeatureDistillation - INFO - Platform: Electronics, Epoch: 21, Train Loss: 0.219789, Val Loss: 0.216088
2026-03-23 14:40:43,224 - FeatureDistillation - INFO - Platform: Electronics, Epoch: 22, Train Loss: 0.221722, Val Loss: 0.215921
2026-03-23 14:40:43,240 - FeatureDistillation - INFO - Platform: Electronics, Epoch: 23, Train Loss: 0.215454, Val Loss: 0.215637
2026-03-23 14:40:43,256 - FeatureDistillation - INFO - Platform: Electronics, Epoch: 24, Train Loss: 0.222420, Val Loss: 0.215568
2026-03-23 14:40:43,273 - FeatureDistillation - INFO - Platform: Electronics, Epoch: 25, Train Loss: 0.219578, Val Loss: 0.215582
2026-03-23 14:40:43,293 - FeatureDistillation - INFO - Platform: Electronics, Epoch: 26, Train Loss: 0.214797, Val Loss: 0.215561
2026-03-23 14:40:43,309 - FeatureDistillation - INFO - Platform: Electronics, Epoch: 27, Train Loss: 0.217464, Val Loss: 0.215432
2026-03-23 14:40:43,325 - FeatureDistillation - INFO - Platform: Electronics, Epoch: 28, Train Loss: 0.218927, Val Loss: 0.215126
2026-03-23 14:40:43,339 - FeatureDistillation - INFO - Platform: Electronics, Epoch: 29, Train Loss: 0.219306, Val Loss: 0.214370
2026-03-23 14:40:43,355 - FeatureDistillation - INFO - Platform: Electronics, Epoch: 30, Train Loss: 0.216619, Val Loss: 0.213894
2026-03-23 14:40:43,371 - FeatureDistillation - INFO - Platform: Electronics, Epoch: 31, Train Loss: 0.218771, Val Loss: 0.213394
2026-03-23 14:40:43,390 - FeatureDistillation - INFO - Platform: Electronics, Epoch: 32, Train Loss: 0.218620, Val Loss: 0.213034
2026-03-23 14:40:43,406 - FeatureDistillation - INFO - Platform: Electronics, Epoch: 33, Train Loss: 0.214878, Val Loss: 0.212539
2026-03-23 14:40:43,420 - FeatureDistillation - INFO - Platform: Electronics, Epoch: 34, Train Loss: 0.220813, Val Loss: 0.212035
2026-03-23 14:40:43,440 - FeatureDistillation - INFO - Platform: Electronics, Epoch: 35, Train Loss: 0.216086, Val Loss: 0.211834
2026-03-23 14:40:43,457 - FeatureDistillation - INFO - Platform: Electronics, Epoch: 36, Train Loss: 0.217081, Val Loss: 0.211697
2026-03-23 14:40:43,474 - FeatureDistillation - INFO - Platform: Electronics, Epoch: 37, Train Loss: 0.216270, Val Loss: 0.211433
2026-03-23 14:40:43,491 - FeatureDistillation - INFO - Platform: Electronics, Epoch: 38, Train Loss: 0.213383, Val Loss: 0.210802
2026-03-23 14:40:43,507 - FeatureDistillation - INFO - Platform: Electronics, Epoch: 39, Train Loss: 0.212511, Val Loss: 0.210041
2026-03-23 14:40:43,523 - FeatureDistillation - INFO - Platform: Electronics, Epoch: 40, Train Loss: 0.212674, Val Loss: 0.208944
2026-03-23 14:40:43,539 - FeatureDistillation - INFO - Platform: Electronics, Epoch: 41, Train Loss: 0.204923, Val Loss: 0.208318
2026-03-23 14:40:43,555 - FeatureDistillation - INFO - Platform: Electronics, Epoch: 42, Train Loss: 0.212480, Val Loss: 0.207585
2026-03-23 14:40:43,571 - FeatureDistillation - INFO - Platform: Electronics, Epoch: 43, Train Loss: 0.211713, Val Loss: 0.207061
2026-03-23 14:40:43,588 - FeatureDistillation - INFO - Platform: Electronics, Epoch: 44, Train Loss: 0.208327, Val Loss: 0.206564
2026-03-23 14:40:43,605 - FeatureDistillation - INFO - Platform: Electronics, Epoch: 45, Train Loss: 0.212307, Val Loss: 0.206053
2026-03-23 14:40:43,620 - FeatureDistillation - INFO - Platform: Electronics, Epoch: 46, Train Loss: 0.208074, Val Loss: 0.205615
2026-03-23 14:40:43,637 - FeatureDistillation - INFO - Platform: Electronics, Epoch: 47, Train Loss: 0.214608, Val Loss: 0.205191
2026-03-23 14:40:43,652 - FeatureDistillation - INFO - Platform: Electronics, Epoch: 48, Train Loss: 0.205343, Val Loss: 0.204648
2026-03-23 14:40:43,669 - FeatureDistillation - INFO - Platform: Electronics, Epoch: 49, Train Loss: 0.205570, Val Loss: 0.204095
2026-03-23 14:40:43,687 - FeatureDistillation - INFO - Platform: Electronics, Epoch: 50, Train Loss: 0.209791, Val Loss: 0.203448
2026-03-23 14:40:43,932 - FeatureDistillation - INFO - Platform Electronics evaluation metrics: {'AUC': 0.625, 'F1-score': 0.4210526315789474}
2026-03-23 14:40:43,932 - FeatureDistillation - INFO - Training model for Clothing...
2026-03-23 14:40:43,950 - FeatureDistillation - INFO - Platform: Clothing, Epoch: 1, Train Loss: 0.343279, Val Loss: 0.325330
2026-03-23 14:40:43,969 - FeatureDistillation - INFO - Platform: Clothing, Epoch: 2, Train Loss: 0.324523, Val Loss: 0.314441
2026-03-23 14:40:43,990 - FeatureDistillation - INFO - Platform: Clothing, Epoch: 3, Train Loss: 0.313564, Val Loss: 0.304406
2026-03-23 14:40:44,008 - FeatureDistillation - INFO - Platform: Clothing, Epoch: 4, Train Loss: 0.304617, Val Loss: 0.291957
2026-03-23 14:40:44,027 - FeatureDistillation - INFO - Platform: Clothing, Epoch: 5, Train Loss: 0.293430, Val Loss: 0.275324
2026-03-23 14:40:44,049 - FeatureDistillation - INFO - Platform: Clothing, Epoch: 6, Train Loss: 0.272533, Val Loss: 0.255239
2026-03-23 14:40:44,069 - FeatureDistillation - INFO - Platform: Clothing, Epoch: 7, Train Loss: 0.253914, Val Loss: 0.237261
2026-03-23 14:40:44,089 - FeatureDistillation - INFO - Platform: Clothing, Epoch: 8, Train Loss: 0.232694, Val Loss: 0.229434
2026-03-23 14:40:44,111 - FeatureDistillation - INFO - Platform: Clothing, Epoch: 9, Train Loss: 0.229053, Val Loss: 0.227603
2026-03-23 14:40:44,133 - FeatureDistillation - INFO - Platform: Clothing, Epoch: 10, Train Loss: 0.224508, Val Loss: 0.224587
2026-03-23 14:40:44,153 - FeatureDistillation - INFO - Platform: Clothing, Epoch: 11, Train Loss: 0.223997, Val Loss: 0.221031
2026-03-23 14:40:44,174 - FeatureDistillation - INFO - Platform: Clothing, Epoch: 12, Train Loss: 0.223801, Val Loss: 0.219676
2026-03-23 14:40:44,191 - FeatureDistillation - INFO - Platform: Clothing, Epoch: 13, Train Loss: 0.223370, Val Loss: 0.218982
2026-03-23 14:40:44,210 - FeatureDistillation - INFO - Platform: Clothing, Epoch: 14, Train Loss: 0.225949, Val Loss: 0.220118
2026-03-23 14:40:44,229 - FeatureDistillation - INFO - Platform: Clothing, Epoch: 15, Train Loss: 0.222767, Val Loss: 0.220654
2026-03-23 14:40:44,243 - FeatureDistillation - INFO - Platform: Clothing, Epoch: 16, Train Loss: 0.220909, Val Loss: 0.219818
2026-03-23 14:40:44,264 - FeatureDistillation - INFO - Platform: Clothing, Epoch: 17, Train Loss: 0.217807, Val Loss: 0.218860
2026-03-23 14:40:44,283 - FeatureDistillation - INFO - Platform: Clothing, Epoch: 18, Train Loss: 0.217452, Val Loss: 0.218253
2026-03-23 14:40:44,303 - FeatureDistillation - INFO - Platform: Clothing, Epoch: 19, Train Loss: 0.214882, Val Loss: 0.218091
2026-03-23 14:40:44,325 - FeatureDistillation - INFO - Platform: Clothing, Epoch: 20, Train Loss: 0.221563, Val Loss: 0.217815
2026-03-23 14:40:44,340 - FeatureDistillation - INFO - Platform: Clothing, Epoch: 21, Train Loss: 0.216703, Val Loss: 0.218203
2026-03-23 14:40:44,358 - FeatureDistillation - INFO - Platform: Clothing, Epoch: 22, Train Loss: 0.216240, Val Loss: 0.218621
2026-03-23 14:40:44,373 - FeatureDistillation - INFO - Platform: Clothing, Epoch: 23, Train Loss: 0.221200, Val Loss: 0.218404
2026-03-23 14:40:44,388 - FeatureDistillation - INFO - Platform: Clothing, Epoch: 24, Train Loss: 0.217146, Val Loss: 0.218013
2026-03-23 14:40:44,407 - FeatureDistillation - INFO - Platform: Clothing, Epoch: 25, Train Loss: 0.220963, Val Loss: 0.217667
2026-03-23 14:40:44,427 - FeatureDistillation - INFO - Platform: Clothing, Epoch: 26, Train Loss: 0.218272, Val Loss: 0.217722
2026-03-23 14:40:44,440 - FeatureDistillation - INFO - Platform: Clothing, Epoch: 27, Train Loss: 0.212523, Val Loss: 0.217781
2026-03-23 14:40:44,461 - FeatureDistillation - INFO - Platform: Clothing, Epoch: 28, Train Loss: 0.217442, Val Loss: 0.218226
2026-03-23 14:40:44,480 - FeatureDistillation - INFO - Platform: Clothing, Epoch: 29, Train Loss: 0.215697, Val Loss: 0.218691
2026-03-23 14:40:44,495 - FeatureDistillation - INFO - Platform: Clothing, Epoch: 30, Train Loss: 0.215402, Val Loss: 0.219076
2026-03-23 14:40:44,512 - FeatureDistillation - INFO - Platform: Clothing, Epoch: 31, Train Loss: 0.212217, Val Loss: 0.219740
2026-03-23 14:40:44,532 - FeatureDistillation - INFO - Platform: Clothing, Epoch: 32, Train Loss: 0.215588, Val Loss: 0.219826
2026-03-23 14:40:44,550 - FeatureDistillation - INFO - Early stopping at epoch 33 for Clothing!
2026-03-23 14:40:44,799 - FeatureDistillation - INFO - Platform Clothing evaluation metrics: {'AUC': 0.6666666666666667, 'F1-score': 0.6666666666666666}
2026-03-23 14:40:45,018 - FeatureDistillation - INFO - Running ablation experiment: Full Model
2026-03-23 14:40:45,033 - FeatureDistillation - INFO - Platform: Books, Epoch: 1, Train Loss: 0.328457, Val Loss: 0.320593
2026-03-23 14:40:45,045 - FeatureDistillation - INFO - Platform: Books, Epoch: 2, Train Loss: 0.324545, Val Loss: 0.317076
2026-03-23 14:40:45,058 - FeatureDistillation - INFO - Platform: Books, Epoch: 3, Train Loss: 0.320503, Val Loss: 0.313057
2026-03-23 14:40:45,067 - FeatureDistillation - INFO - Platform: Books, Epoch: 4, Train Loss: 0.315917, Val Loss: 0.307718
2026-03-23 14:40:45,079 - FeatureDistillation - INFO - Platform: Books, Epoch: 5, Train Loss: 0.309456, Val Loss: 0.300080
2026-03-23 14:40:45,088 - FeatureDistillation - INFO - Platform: Books, Epoch: 6, Train Loss: 0.301254, Val Loss: 0.289748
2026-03-23 14:40:45,100 - FeatureDistillation - INFO - Platform: Books, Epoch: 7, Train Loss: 0.291643, Val Loss: 0.276694
2026-03-23 14:40:45,109 - FeatureDistillation - INFO - Platform: Books, Epoch: 8, Train Loss: 0.275473, Val Loss: 0.261628
2026-03-23 14:40:45,123 - FeatureDistillation - INFO - Platform: Books, Epoch: 9, Train Loss: 0.258551, Val Loss: 0.247917
2026-03-23 14:40:45,138 - FeatureDistillation - INFO - Platform: Books, Epoch: 10, Train Loss: 0.247486, Val Loss: 0.238577
2026-03-23 14:40:45,147 - FeatureDistillation - INFO - Platform: Books, Epoch: 11, Train Loss: 0.236817, Val Loss: 0.236341
2026-03-23 14:40:45,154 - FeatureDistillation - INFO - Platform: Books, Epoch: 12, Train Loss: 0.230429, Val Loss: 0.237726
2026-03-23 14:40:45,163 - FeatureDistillation - INFO - Platform: Books, Epoch: 13, Train Loss: 0.229163, Val Loss: 0.236556
2026-03-23 14:40:45,173 - FeatureDistillation - INFO - Platform: Books, Epoch: 14, Train Loss: 0.230897, Val Loss: 0.233836
2026-03-23 14:40:45,184 - FeatureDistillation - INFO - Platform: Books, Epoch: 15, Train Loss: 0.230879, Val Loss: 0.231542
2026-03-23 14:40:45,195 - FeatureDistillation - INFO - Platform: Books, Epoch: 16, Train Loss: 0.238689, Val Loss: 0.231016
2026-03-23 14:40:45,202 - FeatureDistillation - INFO - Platform: Books, Epoch: 17, Train Loss: 0.229663, Val Loss: 0.231348
2026-03-23 14:40:45,209 - FeatureDistillation - INFO - Platform: Books, Epoch: 18, Train Loss: 0.241933, Val Loss: 0.235825
2026-03-23 14:40:45,216 - FeatureDistillation - INFO - Platform: Books, Epoch: 19, Train Loss: 0.226658, Val Loss: 0.240852
2026-03-23 14:40:45,224 - FeatureDistillation - INFO - Platform: Books, Epoch: 20, Train Loss: 0.223869, Val Loss: 0.240541
2026-03-23 14:40:45,230 - FeatureDistillation - INFO - Platform: Books, Epoch: 21, Train Loss: 0.218985, Val Loss: 0.238195
2026-03-23 14:40:45,239 - FeatureDistillation - INFO - Platform: Books, Epoch: 22, Train Loss: 0.226632, Val Loss: 0.236701
2026-03-23 14:40:45,245 - FeatureDistillation - INFO - Platform: Books, Epoch: 23, Train Loss: 0.222491, Val Loss: 0.236620
2026-03-23 14:40:45,253 - FeatureDistillation - INFO - Early stopping at epoch 24 for Books!
2026-03-23 14:40:45,476 - FeatureDistillation - INFO - Platform Books evaluation metrics: {'AUC': 0.7857142857142857, 'F1-score': 0.631578947368421}
2026-03-23 14:40:45,493 - FeatureDistillation - INFO - Platform: Electronics, Epoch: 1, Train Loss: 0.341327, Val Loss: 0.333251
2026-03-23 14:40:45,506 - FeatureDistillation - INFO - Platform: Electronics, Epoch: 2, Train Loss: 0.335614, Val Loss: 0.327337
2026-03-23 14:40:45,521 - FeatureDistillation - INFO - Platform: Electronics, Epoch: 3, Train Loss: 0.329047, Val Loss: 0.318698
2026-03-23 14:40:45,538 - FeatureDistillation - INFO - Platform: Electronics, Epoch: 4, Train Loss: 0.319917, Val Loss: 0.305438
2026-03-23 14:40:45,552 - FeatureDistillation - INFO - Platform: Electronics, Epoch: 5, Train Loss: 0.304767, Val Loss: 0.285952
2026-03-23 14:40:45,564 - FeatureDistillation - INFO - Platform: Electronics, Epoch: 6, Train Loss: 0.283849, Val Loss: 0.260702
2026-03-23 14:40:45,578 - FeatureDistillation - INFO - Platform: Electronics, Epoch: 7, Train Loss: 0.260297, Val Loss: 0.236966
2026-03-23 14:40:45,591 - FeatureDistillation - INFO - Platform: Electronics, Epoch: 8, Train Loss: 0.239878, Val Loss: 0.223820
2026-03-23 14:40:45,606 - FeatureDistillation - INFO - Platform: Electronics, Epoch: 9, Train Loss: 0.231161, Val Loss: 0.220551
2026-03-23 14:40:45,618 - FeatureDistillation - INFO - Platform: Electronics, Epoch: 10, Train Loss: 0.227697, Val Loss: 0.226234
2026-03-23 14:40:45,629 - FeatureDistillation - INFO - Platform: Electronics, Epoch: 11, Train Loss: 0.234652, Val Loss: 0.226610
2026-03-23 14:40:45,646 - FeatureDistillation - INFO - Platform: Electronics, Epoch: 12, Train Loss: 0.229284, Val Loss: 0.219990
2026-03-23 14:40:45,661 - FeatureDistillation - INFO - Platform: Electronics, Epoch: 13, Train Loss: 0.223368, Val Loss: 0.219256
2026-03-23 14:40:45,672 - FeatureDistillation - INFO - Platform: Electronics, Epoch: 14, Train Loss: 0.224822, Val Loss: 0.219607
2026-03-23 14:40:45,684 - FeatureDistillation - INFO - Platform: Electronics, Epoch: 15, Train Loss: 0.228174, Val Loss: 0.219899
2026-03-23 14:40:45,694 - FeatureDistillation - INFO - Platform: Electronics, Epoch: 16, Train Loss: 0.225261, Val Loss: 0.219771
2026-03-23 14:40:45,709 - FeatureDistillation - INFO - Platform: Electronics, Epoch: 17, Train Loss: 0.224090, Val Loss: 0.219129
2026-03-23 14:40:45,726 - FeatureDistillation - INFO - Platform: Electronics, Epoch: 18, Train Loss: 0.225706, Val Loss: 0.218215
2026-03-23 14:40:45,739 - FeatureDistillation - INFO - Platform: Electronics, Epoch: 19, Train Loss: 0.223518, Val Loss: 0.217783
2026-03-23 14:40:45,756 - FeatureDistillation - INFO - Platform: Electronics, Epoch: 20, Train Loss: 0.222246, Val Loss: 0.217595
2026-03-23 14:40:45,772 - FeatureDistillation - INFO - Platform: Electronics, Epoch: 21, Train Loss: 0.223260, Val Loss: 0.217526
2026-03-23 14:40:45,783 - FeatureDistillation - INFO - Platform: Electronics, Epoch: 22, Train Loss: 0.222675, Val Loss: 0.217678
2026-03-23 14:40:45,795 - FeatureDistillation - INFO - Platform: Electronics, Epoch: 23, Train Loss: 0.223050, Val Loss: 0.217736
2026-03-23 14:40:45,809 - FeatureDistillation - INFO - Platform: Electronics, Epoch: 24, Train Loss: 0.221890, Val Loss: 0.217484
2026-03-23 14:40:45,822 - FeatureDistillation - INFO - Platform: Electronics, Epoch: 25, Train Loss: 0.222316, Val Loss: 0.217481
2026-03-23 14:40:45,838 - FeatureDistillation - INFO - Platform: Electronics, Epoch: 26, Train Loss: 0.219700, Val Loss: 0.217388
2026-03-23 14:40:45,854 - FeatureDistillation - INFO - Platform: Electronics, Epoch: 27, Train Loss: 0.220227, Val Loss: 0.217363
2026-03-23 14:40:45,867 - FeatureDistillation - INFO - Platform: Electronics, Epoch: 28, Train Loss: 0.222030, Val Loss: 0.217094
2026-03-23 14:40:45,882 - FeatureDistillation - INFO - Platform: Electronics, Epoch: 29, Train Loss: 0.219902, Val Loss: 0.216507
2026-03-23 14:40:45,897 - FeatureDistillation - INFO - Platform: Electronics, Epoch: 30, Train Loss: 0.218581, Val Loss: 0.216105
2026-03-23 14:40:45,911 - FeatureDistillation - INFO - Platform: Electronics, Epoch: 31, Train Loss: 0.219042, Val Loss: 0.215645
2026-03-23 14:40:45,926 - FeatureDistillation - INFO - Platform: Electronics, Epoch: 32, Train Loss: 0.220053, Val Loss: 0.215458
2026-03-23 14:40:45,938 - FeatureDistillation - INFO - Platform: Electronics, Epoch: 33, Train Loss: 0.221445, Val Loss: 0.215470
2026-03-23 14:40:45,952 - FeatureDistillation - INFO - Platform: Electronics, Epoch: 34, Train Loss: 0.220441, Val Loss: 0.215349
2026-03-23 14:40:45,965 - FeatureDistillation - INFO - Platform: Electronics, Epoch: 35, Train Loss: 0.216802, Val Loss: 0.214407
2026-03-23 14:40:45,980 - FeatureDistillation - INFO - Platform: Electronics, Epoch: 36, Train Loss: 0.216380, Val Loss: 0.213820
2026-03-23 14:40:45,993 - FeatureDistillation - INFO - Platform: Electronics, Epoch: 37, Train Loss: 0.214897, Val Loss: 0.212946
2026-03-23 14:40:46,009 - FeatureDistillation - INFO - Platform: Electronics, Epoch: 38, Train Loss: 0.217730, Val Loss: 0.211830
2026-03-23 14:40:46,024 - FeatureDistillation - INFO - Platform: Electronics, Epoch: 39, Train Loss: 0.210892, Val Loss: 0.211435
2026-03-23 14:40:46,039 - FeatureDistillation - INFO - Platform: Electronics, Epoch: 40, Train Loss: 0.212145, Val Loss: 0.210871
2026-03-23 14:40:46,053 - FeatureDistillation - INFO - Platform: Electronics, Epoch: 41, Train Loss: 0.211002, Val Loss: 0.210026
2026-03-23 14:40:46,068 - FeatureDistillation - INFO - Platform: Electronics, Epoch: 42, Train Loss: 0.211752, Val Loss: 0.207711
2026-03-23 14:40:46,080 - FeatureDistillation - INFO - Platform: Electronics, Epoch: 43, Train Loss: 0.214320, Val Loss: 0.206465
2026-03-23 14:40:46,094 - FeatureDistillation - INFO - Platform: Electronics, Epoch: 44, Train Loss: 0.206255, Val Loss: 0.205739
2026-03-23 14:40:46,112 - FeatureDistillation - INFO - Platform: Electronics, Epoch: 45, Train Loss: 0.207870, Val Loss: 0.204998
2026-03-23 14:40:46,126 - FeatureDistillation - INFO - Platform: Electronics, Epoch: 46, Train Loss: 0.202521, Val Loss: 0.203558
2026-03-23 14:40:46,139 - FeatureDistillation - INFO - Platform: Electronics, Epoch: 47, Train Loss: 0.205124, Val Loss: 0.203080
2026-03-23 14:40:46,151 - FeatureDistillation - INFO - Platform: Electronics, Epoch: 48, Train Loss: 0.198938, Val Loss: 0.203991
2026-03-23 14:40:46,167 - FeatureDistillation - INFO - Platform: Electronics, Epoch: 49, Train Loss: 0.201675, Val Loss: 0.202509
2026-03-23 14:40:46,181 - FeatureDistillation - INFO - Platform: Electronics, Epoch: 50, Train Loss: 0.198866, Val Loss: 0.201339
2026-03-23 14:40:46,422 - FeatureDistillation - INFO - Platform Electronics evaluation metrics: {'AUC': 0.6388888888888888, 'F1-score': 0.35294117647058826}
2026-03-23 14:40:46,437 - FeatureDistillation - INFO - Platform: Clothing, Epoch: 1, Train Loss: 0.324122, Val Loss: 0.316884
2026-03-23 14:40:46,452 - FeatureDistillation - INFO - Platform: Clothing, Epoch: 2, Train Loss: 0.318632, Val Loss: 0.310849
2026-03-23 14:40:46,467 - FeatureDistillation - INFO - Platform: Clothing, Epoch: 3, Train Loss: 0.312246, Val Loss: 0.303051
2026-03-23 14:40:46,482 - FeatureDistillation - INFO - Platform: Clothing, Epoch: 4, Train Loss: 0.303568, Val Loss: 0.291470
2026-03-23 14:40:46,495 - FeatureDistillation - INFO - Platform: Clothing, Epoch: 5, Train Loss: 0.291576, Val Loss: 0.274471
2026-03-23 14:40:46,509 - FeatureDistillation - INFO - Platform: Clothing, Epoch: 6, Train Loss: 0.273331, Val Loss: 0.252521
2026-03-23 14:40:46,520 - FeatureDistillation - INFO - Platform: Clothing, Epoch: 7, Train Loss: 0.251847, Val Loss: 0.231149
2026-03-23 14:40:46,535 - FeatureDistillation - INFO - Platform: Clothing, Epoch: 8, Train Loss: 0.233560, Val Loss: 0.219712
2026-03-23 14:40:46,550 - FeatureDistillation - INFO - Platform: Clothing, Epoch: 9, Train Loss: 0.222388, Val Loss: 0.218599
2026-03-23 14:40:46,560 - FeatureDistillation - INFO - Platform: Clothing, Epoch: 10, Train Loss: 0.223348, Val Loss: 0.219115
2026-03-23 14:40:46,574 - FeatureDistillation - INFO - Platform: Clothing, Epoch: 11, Train Loss: 0.216081, Val Loss: 0.219821
2026-03-23 14:40:46,587 - FeatureDistillation - INFO - Platform: Clothing, Epoch: 12, Train Loss: 0.226906, Val Loss: 0.219679
2026-03-23 14:40:46,599 - FeatureDistillation - INFO - Platform: Clothing, Epoch: 13, Train Loss: 0.222642, Val Loss: 0.218428
2026-03-23 14:40:46,615 - FeatureDistillation - INFO - Platform: Clothing, Epoch: 14, Train Loss: 0.222120, Val Loss: 0.218644
2026-03-23 14:40:46,624 - FeatureDistillation - INFO - Platform: Clothing, Epoch: 15, Train Loss: 0.222663, Val Loss: 0.219359
2026-03-23 14:40:46,636 - FeatureDistillation - INFO - Platform: Clothing, Epoch: 16, Train Loss: 0.215439, Val Loss: 0.219801
2026-03-23 14:40:46,645 - FeatureDistillation - INFO - Platform: Clothing, Epoch: 17, Train Loss: 0.218550, Val Loss: 0.220095
2026-03-23 14:40:46,657 - FeatureDistillation - INFO - Platform: Clothing, Epoch: 18, Train Loss: 0.218981, Val Loss: 0.220419
2026-03-23 14:40:46,670 - FeatureDistillation - INFO - Platform: Clothing, Epoch: 19, Train Loss: 0.224188, Val Loss: 0.218389
2026-03-23 14:40:46,686 - FeatureDistillation - INFO - Platform: Clothing, Epoch: 20, Train Loss: 0.222505, Val Loss: 0.217684
2026-03-23 14:40:46,699 - FeatureDistillation - INFO - Platform: Clothing, Epoch: 21, Train Loss: 0.219682, Val Loss: 0.218284
2026-03-23 14:40:46,709 - FeatureDistillation - INFO - Platform: Clothing, Epoch: 22, Train Loss: 0.222272, Val Loss: 0.220553
2026-03-23 14:40:46,722 - FeatureDistillation - INFO - Platform: Clothing, Epoch: 23, Train Loss: 0.216308, Val Loss: 0.219840
2026-03-23 14:40:46,734 - FeatureDistillation - INFO - Platform: Clothing, Epoch: 24, Train Loss: 0.217874, Val Loss: 0.218504
2026-03-23 14:40:46,745 - FeatureDistillation - INFO - Platform: Clothing, Epoch: 25, Train Loss: 0.217327, Val Loss: 0.218237
2026-03-23 14:40:46,755 - FeatureDistillation - INFO - Platform: Clothing, Epoch: 26, Train Loss: 0.217441, Val Loss: 0.218649
2026-03-23 14:40:46,766 - FeatureDistillation - INFO - Platform: Clothing, Epoch: 27, Train Loss: 0.219901, Val Loss: 0.219024
2026-03-23 14:40:46,777 - FeatureDistillation - INFO - Early stopping at epoch 28 for Clothing!
2026-03-23 14:40:47,009 - FeatureDistillation - INFO - Platform Clothing evaluation metrics: {'AUC': 0.6666666666666666, 'F1-score': 0.6666666666666666}
2026-03-23 14:40:47,009 - FeatureDistillation - INFO - Running ablation experiment: Without Platform Decoder
2026-03-23 14:40:47,023 - FeatureDistillation - INFO - Platform: Books, Epoch: 1, Train Loss: 0.325580, Val Loss: 0.319105
2026-03-23 14:40:47,037 - FeatureDistillation - INFO - Platform: Books, Epoch: 2, Train Loss: 0.322138, Val Loss: 0.315763
2026-03-23 14:40:47,047 - FeatureDistillation - INFO - Platform: Books, Epoch: 3, Train Loss: 0.318059, Val Loss: 0.311635
2026-03-23 14:40:47,062 - FeatureDistillation - INFO - Platform: Books, Epoch: 4, Train Loss: 0.313364, Val Loss: 0.306052
2026-03-23 14:40:47,073 - FeatureDistillation - INFO - Platform: Books, Epoch: 5, Train Loss: 0.306541, Val Loss: 0.298788
2026-03-23 14:40:47,084 - FeatureDistillation - INFO - Platform: Books, Epoch: 6, Train Loss: 0.298930, Val Loss: 0.289420
2026-03-23 14:40:47,099 - FeatureDistillation - INFO - Platform: Books, Epoch: 7, Train Loss: 0.288834, Val Loss: 0.277584
2026-03-23 14:40:47,111 - FeatureDistillation - INFO - Platform: Books, Epoch: 8, Train Loss: 0.275207, Val Loss: 0.264014
2026-03-23 14:40:47,122 - FeatureDistillation - INFO - Platform: Books, Epoch: 9, Train Loss: 0.263630, Val Loss: 0.251045
2026-03-23 14:40:47,134 - FeatureDistillation - INFO - Platform: Books, Epoch: 10, Train Loss: 0.250345, Val Loss: 0.242333
2026-03-23 14:40:47,145 - FeatureDistillation - INFO - Platform: Books, Epoch: 11, Train Loss: 0.237871, Val Loss: 0.237904
2026-03-23 14:40:47,154 - FeatureDistillation - INFO - Platform: Books, Epoch: 12, Train Loss: 0.230832, Val Loss: 0.235249
2026-03-23 14:40:47,167 - FeatureDistillation - INFO - Platform: Books, Epoch: 13, Train Loss: 0.234198, Val Loss: 0.233125
2026-03-23 14:40:47,177 - FeatureDistillation - INFO - Platform: Books, Epoch: 14, Train Loss: 0.235682, Val Loss: 0.232176
2026-03-23 14:40:47,187 - FeatureDistillation - INFO - Platform: Books, Epoch: 15, Train Loss: 0.240248, Val Loss: 0.231972
2026-03-23 14:40:47,194 - FeatureDistillation - INFO - Platform: Books, Epoch: 16, Train Loss: 0.230179, Val Loss: 0.232287
2026-03-23 14:40:47,203 - FeatureDistillation - INFO - Platform: Books, Epoch: 17, Train Loss: 0.230869, Val Loss: 0.234259
2026-03-23 14:40:47,210 - FeatureDistillation - INFO - Platform: Books, Epoch: 18, Train Loss: 0.228777, Val Loss: 0.233533
2026-03-23 14:40:47,220 - FeatureDistillation - INFO - Platform: Books, Epoch: 19, Train Loss: 0.228521, Val Loss: 0.233543
2026-03-23 14:40:47,227 - FeatureDistillation - INFO - Platform: Books, Epoch: 20, Train Loss: 0.222223, Val Loss: 0.234036
2026-03-23 14:40:47,234 - FeatureDistillation - INFO - Platform: Books, Epoch: 21, Train Loss: 0.216573, Val Loss: 0.234079
2026-03-23 14:40:47,244 - FeatureDistillation - INFO - Platform: Books, Epoch: 22, Train Loss: 0.221318, Val Loss: 0.234354
2026-03-23 14:40:47,251 - FeatureDistillation - INFO - Early stopping at epoch 23 for Books!
2026-03-23 14:40:47,483 - FeatureDistillation - INFO - Platform Books evaluation metrics: {'AUC': 0.8809523809523809, 'F1-score': 0.7058823529411764}
2026-03-23 14:40:47,502 - FeatureDistillation - INFO - Platform: Electronics, Epoch: 1, Train Loss: 0.330099, Val Loss: 0.322638
2026-03-23 14:40:47,516 - FeatureDistillation - INFO - Platform: Electronics, Epoch: 2, Train Loss: 0.324713, Val Loss: 0.316928
2026-03-23 14:40:47,529 - FeatureDistillation - INFO - Platform: Electronics, Epoch: 3, Train Loss: 0.318067, Val Loss: 0.308992
2026-03-23 14:40:47,545 - FeatureDistillation - INFO - Platform: Electronics, Epoch: 4, Train Loss: 0.309676, Val Loss: 0.295941
2026-03-23 14:40:47,561 - FeatureDistillation - INFO - Platform: Electronics, Epoch: 5, Train Loss: 0.294227, Val Loss: 0.275572
2026-03-23 14:40:47,576 - FeatureDistillation - INFO - Platform: Electronics, Epoch: 6, Train Loss: 0.270150, Val Loss: 0.248915
2026-03-23 14:40:47,590 - FeatureDistillation - INFO - Platform: Electronics, Epoch: 7, Train Loss: 0.244821, Val Loss: 0.226927
2026-03-23 14:40:47,606 - FeatureDistillation - INFO - Platform: Electronics, Epoch: 8, Train Loss: 0.232378, Val Loss: 0.220067
2026-03-23 14:40:47,618 - FeatureDistillation - INFO - Platform: Electronics, Epoch: 9, Train Loss: 0.225410, Val Loss: 0.220800
2026-03-23 14:40:47,628 - FeatureDistillation - INFO - Platform: Electronics, Epoch: 10, Train Loss: 0.231143, Val Loss: 0.220955
2026-03-23 14:40:47,645 - FeatureDistillation - INFO - Platform: Electronics, Epoch: 11, Train Loss: 0.218543, Val Loss: 0.219996
2026-03-23 14:40:47,656 - FeatureDistillation - INFO - Platform: Electronics, Epoch: 12, Train Loss: 0.223528, Val Loss: 0.220307
2026-03-23 14:40:47,668 - FeatureDistillation - INFO - Platform: Electronics, Epoch: 13, Train Loss: 0.227247, Val Loss: 0.220999
2026-03-23 14:40:47,680 - FeatureDistillation - INFO - Platform: Electronics, Epoch: 14, Train Loss: 0.221744, Val Loss: 0.220194
2026-03-23 14:40:47,694 - FeatureDistillation - INFO - Platform: Electronics, Epoch: 15, Train Loss: 0.229348, Val Loss: 0.218759
2026-03-23 14:40:47,710 - FeatureDistillation - INFO - Platform: Electronics, Epoch: 16, Train Loss: 0.222359, Val Loss: 0.218556
2026-03-23 14:40:47,723 - FeatureDistillation - INFO - Platform: Electronics, Epoch: 17, Train Loss: 0.220976, Val Loss: 0.218947
2026-03-23 14:40:47,736 - FeatureDistillation - INFO - Platform: Electronics, Epoch: 18, Train Loss: 0.218009, Val Loss: 0.218206
2026-03-23 14:40:47,752 - FeatureDistillation - INFO - Platform: Electronics, Epoch: 19, Train Loss: 0.223923, Val Loss: 0.217075
2026-03-23 14:40:47,766 - FeatureDistillation - INFO - Platform: Electronics, Epoch: 20, Train Loss: 0.221361, Val Loss: 0.216819
2026-03-23 14:40:47,779 - FeatureDistillation - INFO - Platform: Electronics, Epoch: 21, Train Loss: 0.218577, Val Loss: 0.216853
2026-03-23 14:40:47,791 - FeatureDistillation - INFO - Platform: Electronics, Epoch: 22, Train Loss: 0.218360, Val Loss: 0.217529
2026-03-23 14:40:47,805 - FeatureDistillation - INFO - Platform: Electronics, Epoch: 23, Train Loss: 0.220289, Val Loss: 0.216524
2026-03-23 14:40:47,818 - FeatureDistillation - INFO - Platform: Electronics, Epoch: 24, Train Loss: 0.216123, Val Loss: 0.215791
2026-03-23 14:40:47,834 - FeatureDistillation - INFO - Platform: Electronics, Epoch: 25, Train Loss: 0.216187, Val Loss: 0.214715
2026-03-23 14:40:47,849 - FeatureDistillation - INFO - Platform: Electronics, Epoch: 26, Train Loss: 0.214175, Val Loss: 0.213774
2026-03-23 14:40:47,861 - FeatureDistillation - INFO - Platform: Electronics, Epoch: 27, Train Loss: 0.218111, Val Loss: 0.213101
2026-03-23 14:40:47,877 - FeatureDistillation - INFO - Platform: Electronics, Epoch: 28, Train Loss: 0.216937, Val Loss: 0.212538
2026-03-23 14:40:47,889 - FeatureDistillation - INFO - Platform: Electronics, Epoch: 29, Train Loss: 0.214229, Val Loss: 0.213548
2026-03-23 14:40:47,901 - FeatureDistillation - INFO - Platform: Electronics, Epoch: 30, Train Loss: 0.212958, Val Loss: 0.213235
2026-03-23 14:40:47,918 - FeatureDistillation - INFO - Platform: Electronics, Epoch: 31, Train Loss: 0.211938, Val Loss: 0.210915
2026-03-23 14:40:47,932 - FeatureDistillation - INFO - Platform: Electronics, Epoch: 32, Train Loss: 0.213678, Val Loss: 0.209948
2026-03-23 14:40:47,945 - FeatureDistillation - INFO - Platform: Electronics, Epoch: 33, Train Loss: 0.212952, Val Loss: 0.209921
2026-03-23 14:40:47,960 - FeatureDistillation - INFO - Platform: Electronics, Epoch: 34, Train Loss: 0.206769, Val Loss: 0.208472
2026-03-23 14:40:47,975 - FeatureDistillation - INFO - Platform: Electronics, Epoch: 35, Train Loss: 0.211021, Val Loss: 0.207280
2026-03-23 14:40:47,988 - FeatureDistillation - INFO - Platform: Electronics, Epoch: 36, Train Loss: 0.205663, Val Loss: 0.206248
2026-03-23 14:40:48,000 - FeatureDistillation - INFO - Platform: Electronics, Epoch: 37, Train Loss: 0.208485, Val Loss: 0.206724
2026-03-23 14:40:48,015 - FeatureDistillation - INFO - Platform: Electronics, Epoch: 38, Train Loss: 0.201284, Val Loss: 0.205741
2026-03-23 14:40:48,029 - FeatureDistillation - INFO - Platform: Electronics, Epoch: 39, Train Loss: 0.203113, Val Loss: 0.205285
2026-03-23 14:40:48,044 - FeatureDistillation - INFO - Platform: Electronics, Epoch: 40, Train Loss: 0.203408, Val Loss: 0.203487
2026-03-23 14:40:48,060 - FeatureDistillation - INFO - Platform: Electronics, Epoch: 41, Train Loss: 0.202850, Val Loss: 0.202913
2026-03-23 14:40:48,070 - FeatureDistillation - INFO - Platform: Electronics, Epoch: 42, Train Loss: 0.199553, Val Loss: 0.205518
2026-03-23 14:40:48,083 - FeatureDistillation - INFO - Platform: Electronics, Epoch: 43, Train Loss: 0.203527, Val Loss: 0.204306
2026-03-23 14:40:48,097 - FeatureDistillation - INFO - Platform: Electronics, Epoch: 44, Train Loss: 0.199036, Val Loss: 0.200560
2026-03-23 14:40:48,110 - FeatureDistillation - INFO - Platform: Electronics, Epoch: 45, Train Loss: 0.200144, Val Loss: 0.200129
2026-03-23 14:40:48,122 - FeatureDistillation - INFO - Platform: Electronics, Epoch: 46, Train Loss: 0.192048, Val Loss: 0.200536
2026-03-23 14:40:48,131 - FeatureDistillation - INFO - Platform: Electronics, Epoch: 47, Train Loss: 0.202333, Val Loss: 0.200808
2026-03-23 14:40:48,146 - FeatureDistillation - INFO - Platform: Electronics, Epoch: 48, Train Loss: 0.198510, Val Loss: 0.199054
2026-03-23 14:40:48,155 - FeatureDistillation - INFO - Platform: Electronics, Epoch: 49, Train Loss: 0.197237, Val Loss: 0.199105
2026-03-23 14:40:48,167 - FeatureDistillation - INFO - Platform: Electronics, Epoch: 50, Train Loss: 0.190020, Val Loss: 0.199383
2026-03-23 14:40:48,405 - FeatureDistillation - INFO - Platform Electronics evaluation metrics: {'AUC': 0.6597222222222222, 'F1-score': 0.35294117647058826}
2026-03-23 14:40:48,420 - FeatureDistillation - INFO - Platform: Clothing, Epoch: 1, Train Loss: 0.324313, Val Loss: 0.317176
2026-03-23 14:40:48,435 - FeatureDistillation - INFO - Platform: Clothing, Epoch: 2, Train Loss: 0.320112, Val Loss: 0.313117
2026-03-23 14:40:48,446 - FeatureDistillation - INFO - Platform: Clothing, Epoch: 3, Train Loss: 0.315061, Val Loss: 0.307682
2026-03-23 14:40:48,462 - FeatureDistillation - INFO - Platform: Clothing, Epoch: 4, Train Loss: 0.309164, Val Loss: 0.299937
2026-03-23 14:40:48,478 - FeatureDistillation - INFO - Platform: Clothing, Epoch: 5, Train Loss: 0.300070, Val Loss: 0.287987
2026-03-23 14:40:48,491 - FeatureDistillation - INFO - Platform: Clothing, Epoch: 6, Train Loss: 0.285891, Val Loss: 0.271337
2026-03-23 14:40:48,507 - FeatureDistillation - INFO - Platform: Clothing, Epoch: 7, Train Loss: 0.267710, Val Loss: 0.252482
2026-03-23 14:40:48,520 - FeatureDistillation - INFO - Platform: Clothing, Epoch: 8, Train Loss: 0.245946, Val Loss: 0.235842
2026-03-23 14:40:48,533 - FeatureDistillation - INFO - Platform: Clothing, Epoch: 9, Train Loss: 0.228270, Val Loss: 0.224500
2026-03-23 14:40:48,549 - FeatureDistillation - INFO - Platform: Clothing, Epoch: 10, Train Loss: 0.224887, Val Loss: 0.221254
2026-03-23 14:40:48,560 - FeatureDistillation - INFO - Platform: Clothing, Epoch: 11, Train Loss: 0.225161, Val Loss: 0.221701
2026-03-23 14:40:48,573 - FeatureDistillation - INFO - Platform: Clothing, Epoch: 12, Train Loss: 0.225347, Val Loss: 0.220656
2026-03-23 14:40:48,587 - FeatureDistillation - INFO - Platform: Clothing, Epoch: 13, Train Loss: 0.222925, Val Loss: 0.218535
2026-03-23 14:40:48,599 - FeatureDistillation - INFO - Platform: Clothing, Epoch: 14, Train Loss: 0.229262, Val Loss: 0.222675
2026-03-23 14:40:48,611 - FeatureDistillation - INFO - Platform: Clothing, Epoch: 15, Train Loss: 0.239497, Val Loss: 0.222467
2026-03-23 14:40:48,621 - FeatureDistillation - INFO - Platform: Clothing, Epoch: 16, Train Loss: 0.230595, Val Loss: 0.220531
2026-03-23 14:40:48,633 - FeatureDistillation - INFO - Platform: Clothing, Epoch: 17, Train Loss: 0.223486, Val Loss: 0.218771
2026-03-23 14:40:48,652 - FeatureDistillation - INFO - Platform: Clothing, Epoch: 18, Train Loss: 0.224631, Val Loss: 0.218034
2026-03-23 14:40:48,664 - FeatureDistillation - INFO - Platform: Clothing, Epoch: 19, Train Loss: 0.219276, Val Loss: 0.220227
2026-03-23 14:40:48,676 - FeatureDistillation - INFO - Platform: Clothing, Epoch: 20, Train Loss: 0.219285, Val Loss: 0.224997
2026-03-23 14:40:48,690 - FeatureDistillation - INFO - Platform: Clothing, Epoch: 21, Train Loss: 0.220488, Val Loss: 0.229458
2026-03-23 14:40:48,702 - FeatureDistillation - INFO - Platform: Clothing, Epoch: 22, Train Loss: 0.221682, Val Loss: 0.229959
2026-03-23 14:40:48,712 - FeatureDistillation - INFO - Platform: Clothing, Epoch: 23, Train Loss: 0.223103, Val Loss: 0.226362
2026-03-23 14:40:48,724 - FeatureDistillation - INFO - Platform: Clothing, Epoch: 24, Train Loss: 0.224866, Val Loss: 0.221833
2026-03-23 14:40:48,744 - FeatureDistillation - INFO - Platform: Clothing, Epoch: 25, Train Loss: 0.219625, Val Loss: 0.220572
2026-03-23 14:40:48,760 - FeatureDistillation - INFO - Early stopping at epoch 26 for Clothing!
2026-03-23 14:40:49,030 - FeatureDistillation - INFO - Platform Clothing evaluation metrics: {'AUC': 0.6388888888888888, 'F1-score': 0.6399999999999999}
2026-03-23 14:40:49,030 - FeatureDistillation - INFO - Running ablation experiment: Without MMD Loss
2026-03-23 14:40:49,049 - FeatureDistillation - INFO - Platform: Books, Epoch: 1, Train Loss: 0.325982, Val Loss: 0.319353
2026-03-23 14:40:49,065 - FeatureDistillation - INFO - Platform: Books, Epoch: 2, Train Loss: 0.321520, Val Loss: 0.315210
2026-03-23 14:40:49,087 - FeatureDistillation - INFO - Platform: Books, Epoch: 3, Train Loss: 0.317373, Val Loss: 0.310503
2026-03-23 14:40:49,098 - FeatureDistillation - INFO - Platform: Books, Epoch: 4, Train Loss: 0.311936, Val Loss: 0.304461
2026-03-23 14:40:49,117 - FeatureDistillation - INFO - Platform: Books, Epoch: 5, Train Loss: 0.304995, Val Loss: 0.296322
2026-03-23 14:40:49,141 - FeatureDistillation - INFO - Platform: Books, Epoch: 6, Train Loss: 0.297563, Val Loss: 0.285678
2026-03-23 14:40:49,161 - FeatureDistillation - INFO - Platform: Books, Epoch: 7, Train Loss: 0.286348, Val Loss: 0.272516
2026-03-23 14:40:49,176 - FeatureDistillation - INFO - Platform: Books, Epoch: 8, Train Loss: 0.271471, Val Loss: 0.257830
2026-03-23 14:40:49,190 - FeatureDistillation - INFO - Platform: Books, Epoch: 9, Train Loss: 0.259573, Val Loss: 0.244347
2026-03-23 14:40:49,206 - FeatureDistillation - INFO - Platform: Books, Epoch: 10, Train Loss: 0.245688, Val Loss: 0.235982
2026-03-23 14:40:49,218 - FeatureDistillation - INFO - Platform: Books, Epoch: 11, Train Loss: 0.239638, Val Loss: 0.232469
2026-03-23 14:40:49,228 - FeatureDistillation - INFO - Platform: Books, Epoch: 12, Train Loss: 0.233542, Val Loss: 0.232539
2026-03-23 14:40:49,238 - FeatureDistillation - INFO - Platform: Books, Epoch: 13, Train Loss: 0.237254, Val Loss: 0.233157
2026-03-23 14:40:49,247 - FeatureDistillation - INFO - Platform: Books, Epoch: 14, Train Loss: 0.231519, Val Loss: 0.232822
2026-03-23 14:40:49,257 - FeatureDistillation - INFO - Platform: Books, Epoch: 15, Train Loss: 0.234923, Val Loss: 0.232633
2026-03-23 14:40:49,265 - FeatureDistillation - INFO - Platform: Books, Epoch: 16, Train Loss: 0.225736, Val Loss: 0.233062
2026-03-23 14:40:49,275 - FeatureDistillation - INFO - Platform: Books, Epoch: 17, Train Loss: 0.228459, Val Loss: 0.233672
2026-03-23 14:40:49,283 - FeatureDistillation - INFO - Platform: Books, Epoch: 18, Train Loss: 0.231193, Val Loss: 0.234599
2026-03-23 14:40:49,293 - FeatureDistillation - INFO - Early stopping at epoch 19 for Books!
2026-03-23 14:40:49,548 - FeatureDistillation - INFO - Platform Books evaluation metrics: {'AUC': 0.7857142857142857, 'F1-score': 0.6153846153846153}
2026-03-23 14:40:49,616 - FeatureDistillation - INFO - Platform: Electronics, Epoch: 1, Train Loss: 0.336610, Val Loss: 0.328826
2026-03-23 14:40:49,632 - FeatureDistillation - INFO - Platform: Electronics, Epoch: 2, Train Loss: 0.330666, Val Loss: 0.323304
2026-03-23 14:40:49,646 - FeatureDistillation - INFO - Platform: Electronics, Epoch: 3, Train Loss: 0.325064, Val Loss: 0.316116
2026-03-23 14:40:49,664 - FeatureDistillation - INFO - Platform: Electronics, Epoch: 4, Train Loss: 0.316442, Val Loss: 0.305464
2026-03-23 14:40:49,682 - FeatureDistillation - INFO - Platform: Electronics, Epoch: 5, Train Loss: 0.303396, Val Loss: 0.288541
2026-03-23 14:40:49,696 - FeatureDistillation - INFO - Platform: Electronics, Epoch: 6, Train Loss: 0.284439, Val Loss: 0.265088
2026-03-23 14:40:49,710 - FeatureDistillation - INFO - Platform: Electronics, Epoch: 7, Train Loss: 0.259983, Val Loss: 0.240627
2026-03-23 14:40:49,726 - FeatureDistillation - INFO - Platform: Electronics, Epoch: 8, Train Loss: 0.238749, Val Loss: 0.224844
2026-03-23 14:40:49,744 - FeatureDistillation - INFO - Platform: Electronics, Epoch: 9, Train Loss: 0.232359, Val Loss: 0.220508
2026-03-23 14:40:49,757 - FeatureDistillation - INFO - Platform: Electronics, Epoch: 10, Train Loss: 0.225438, Val Loss: 0.220394
2026-03-23 14:40:49,771 - FeatureDistillation - INFO - Platform: Electronics, Epoch: 11, Train Loss: 0.229195, Val Loss: 0.220268
2026-03-23 14:40:49,786 - FeatureDistillation - INFO - Platform: Electronics, Epoch: 12, Train Loss: 0.229027, Val Loss: 0.220190
2026-03-23 14:40:49,799 - FeatureDistillation - INFO - Platform: Electronics, Epoch: 13, Train Loss: 0.225339, Val Loss: 0.219468
2026-03-23 14:40:49,811 - FeatureDistillation - INFO - Platform: Electronics, Epoch: 14, Train Loss: 0.224735, Val Loss: 0.219584
2026-03-23 14:40:49,824 - FeatureDistillation - INFO - Platform: Electronics, Epoch: 15, Train Loss: 0.228275, Val Loss: 0.219867
2026-03-23 14:40:49,837 - FeatureDistillation - INFO - Platform: Electronics, Epoch: 16, Train Loss: 0.220282, Val Loss: 0.219219
2026-03-23 14:40:49,852 - FeatureDistillation - INFO - Platform: Electronics, Epoch: 17, Train Loss: 0.223380, Val Loss: 0.218872
2026-03-23 14:40:49,867 - FeatureDistillation - INFO - Platform: Electronics, Epoch: 18, Train Loss: 0.225193, Val Loss: 0.218512
2026-03-23 14:40:49,880 - FeatureDistillation - INFO - Platform: Electronics, Epoch: 19, Train Loss: 0.219454, Val Loss: 0.217586
2026-03-23 14:40:49,896 - FeatureDistillation - INFO - Platform: Electronics, Epoch: 20, Train Loss: 0.220640, Val Loss: 0.216805
2026-03-23 14:40:49,913 - FeatureDistillation - INFO - Platform: Electronics, Epoch: 21, Train Loss: 0.220339, Val Loss: 0.216566
2026-03-23 14:40:49,927 - FeatureDistillation - INFO - Platform: Electronics, Epoch: 22, Train Loss: 0.219640, Val Loss: 0.216238
2026-03-23 14:40:49,942 - FeatureDistillation - INFO - Platform: Electronics, Epoch: 23, Train Loss: 0.221986, Val Loss: 0.216130
2026-03-23 14:40:49,961 - FeatureDistillation - INFO - Platform: Electronics, Epoch: 24, Train Loss: 0.218062, Val Loss: 0.216106
2026-03-23 14:40:49,976 - FeatureDistillation - INFO - Platform: Electronics, Epoch: 25, Train Loss: 0.220985, Val Loss: 0.215488
2026-03-23 14:40:49,991 - FeatureDistillation - INFO - Platform: Electronics, Epoch: 26, Train Loss: 0.217999, Val Loss: 0.214799
2026-03-23 14:40:50,006 - FeatureDistillation - INFO - Platform: Electronics, Epoch: 27, Train Loss: 0.218354, Val Loss: 0.214209
2026-03-23 14:40:50,021 - FeatureDistillation - INFO - Platform: Electronics, Epoch: 28, Train Loss: 0.214547, Val Loss: 0.213219
2026-03-23 14:40:50,035 - FeatureDistillation - INFO - Platform: Electronics, Epoch: 29, Train Loss: 0.215091, Val Loss: 0.212968
2026-03-23 14:40:50,048 - FeatureDistillation - INFO - Platform: Electronics, Epoch: 30, Train Loss: 0.214580, Val Loss: 0.212872
2026-03-23 14:40:50,061 - FeatureDistillation - INFO - Platform: Electronics, Epoch: 31, Train Loss: 0.214281, Val Loss: 0.212996
2026-03-23 14:40:50,075 - FeatureDistillation - INFO - Platform: Electronics, Epoch: 32, Train Loss: 0.214805, Val Loss: 0.211576
2026-03-23 14:40:50,090 - FeatureDistillation - INFO - Platform: Electronics, Epoch: 33, Train Loss: 0.209030, Val Loss: 0.209242
2026-03-23 14:40:50,105 - FeatureDistillation - INFO - Platform: Electronics, Epoch: 34, Train Loss: 0.210123, Val Loss: 0.207501
2026-03-23 14:40:50,119 - FeatureDistillation - INFO - Platform: Electronics, Epoch: 35, Train Loss: 0.211195, Val Loss: 0.206443
2026-03-23 14:40:50,133 - FeatureDistillation - INFO - Platform: Electronics, Epoch: 36, Train Loss: 0.210791, Val Loss: 0.205821
2026-03-23 14:40:50,145 - FeatureDistillation - INFO - Platform: Electronics, Epoch: 37, Train Loss: 0.206251, Val Loss: 0.206847
2026-03-23 14:40:50,160 - FeatureDistillation - INFO - Platform: Electronics, Epoch: 38, Train Loss: 0.207354, Val Loss: 0.205385
2026-03-23 14:40:50,174 - FeatureDistillation - INFO - Platform: Electronics, Epoch: 39, Train Loss: 0.205003, Val Loss: 0.202497
2026-03-23 14:40:50,189 - FeatureDistillation - INFO - Platform: Electronics, Epoch: 40, Train Loss: 0.204389, Val Loss: 0.201557
2026-03-23 14:40:50,203 - FeatureDistillation - INFO - Platform: Electronics, Epoch: 41, Train Loss: 0.204039, Val Loss: 0.200737
2026-03-23 14:40:50,217 - FeatureDistillation - INFO - Platform: Electronics, Epoch: 42, Train Loss: 0.203901, Val Loss: 0.200010
2026-03-23 14:40:50,230 - FeatureDistillation - INFO - Platform: Electronics, Epoch: 43, Train Loss: 0.202510, Val Loss: 0.198757
2026-03-23 14:40:50,242 - FeatureDistillation - INFO - Platform: Electronics, Epoch: 44, Train Loss: 0.197759, Val Loss: 0.198347
2026-03-23 14:40:50,252 - FeatureDistillation - INFO - Platform: Electronics, Epoch: 45, Train Loss: 0.198339, Val Loss: 0.198572
2026-03-23 14:40:50,266 - FeatureDistillation - INFO - Platform: Electronics, Epoch: 46, Train Loss: 0.203788, Val Loss: 0.197257
2026-03-23 14:40:50,279 - FeatureDistillation - INFO - Platform: Electronics, Epoch: 47, Train Loss: 0.200431, Val Loss: 0.196751
2026-03-23 14:40:50,294 - FeatureDistillation - INFO - Platform: Electronics, Epoch: 48, Train Loss: 0.194415, Val Loss: 0.196363
2026-03-23 14:40:50,303 - FeatureDistillation - INFO - Platform: Electronics, Epoch: 49, Train Loss: 0.197990, Val Loss: 0.197304
2026-03-23 14:40:50,316 - FeatureDistillation - INFO - Platform: Electronics, Epoch: 50, Train Loss: 0.196399, Val Loss: 0.197070
2026-03-23 14:40:50,559 - FeatureDistillation - INFO - Platform Electronics evaluation metrics: {'AUC': 0.6180555555555556, 'F1-score': 0.35294117647058826}
2026-03-23 14:40:50,574 - FeatureDistillation - INFO - Platform: Clothing, Epoch: 1, Train Loss: 0.324448, Val Loss: 0.316986
2026-03-23 14:40:50,590 - FeatureDistillation - INFO - Platform: Clothing, Epoch: 2, Train Loss: 0.319724, Val Loss: 0.312455
2026-03-23 14:40:50,603 - FeatureDistillation - INFO - Platform: Clothing, Epoch: 3, Train Loss: 0.314432, Val Loss: 0.306566
2026-03-23 14:40:50,617 - FeatureDistillation - INFO - Platform: Clothing, Epoch: 4, Train Loss: 0.306548, Val Loss: 0.297824
2026-03-23 14:40:50,631 - FeatureDistillation - INFO - Platform: Clothing, Epoch: 5, Train Loss: 0.297327, Val Loss: 0.284974
2026-03-23 14:40:50,644 - FeatureDistillation - INFO - Platform: Clothing, Epoch: 6, Train Loss: 0.282352, Val Loss: 0.268297
2026-03-23 14:40:50,658 - FeatureDistillation - INFO - Platform: Clothing, Epoch: 7, Train Loss: 0.262378, Val Loss: 0.250949
2026-03-23 14:40:50,673 - FeatureDistillation - INFO - Platform: Clothing, Epoch: 8, Train Loss: 0.247099, Val Loss: 0.234952
2026-03-23 14:40:50,688 - FeatureDistillation - INFO - Platform: Clothing, Epoch: 9, Train Loss: 0.232837, Val Loss: 0.221790
2026-03-23 14:40:50,703 - FeatureDistillation - INFO - Platform: Clothing, Epoch: 10, Train Loss: 0.220399, Val Loss: 0.216879
2026-03-23 14:40:50,715 - FeatureDistillation - INFO - Platform: Clothing, Epoch: 11, Train Loss: 0.216738, Val Loss: 0.221788
2026-03-23 14:40:50,727 - FeatureDistillation - INFO - Platform: Clothing, Epoch: 12, Train Loss: 0.230390, Val Loss: 0.228502
2026-03-23 14:40:50,739 - FeatureDistillation - INFO - Platform: Clothing, Epoch: 13, Train Loss: 0.241669, Val Loss: 0.229489
2026-03-23 14:40:50,749 - FeatureDistillation - INFO - Platform: Clothing, Epoch: 14, Train Loss: 0.236279, Val Loss: 0.220890
2026-03-23 14:40:50,760 - FeatureDistillation - INFO - Platform: Clothing, Epoch: 15, Train Loss: 0.221631, Val Loss: 0.217262
2026-03-23 14:40:50,771 - FeatureDistillation - INFO - Platform: Clothing, Epoch: 16, Train Loss: 0.216299, Val Loss: 0.220753
2026-03-23 14:40:50,781 - FeatureDistillation - INFO - Platform: Clothing, Epoch: 17, Train Loss: 0.222129, Val Loss: 0.222542
2026-03-23 14:40:50,795 - FeatureDistillation - INFO - Early stopping at epoch 18 for Clothing!
2026-03-23 14:40:51,052 - FeatureDistillation - INFO - Platform Clothing evaluation metrics: {'AUC': 0.6944444444444444, 'F1-score': 0.6399999999999999}
2026-03-23 14:40:51,052 - FeatureDistillation - INFO - Running ablation experiment: Without Downstream Task
2026-03-23 14:40:51,065 - FeatureDistillation - INFO - Platform: Books, Epoch: 1, Train Loss: 0.326485, Val Loss: 0.320105
2026-03-23 14:40:51,075 - FeatureDistillation - INFO - Platform: Books, Epoch: 2, Train Loss: 0.323866, Val Loss: 0.317808
2026-03-23 14:40:51,085 - FeatureDistillation - INFO - Platform: Books, Epoch: 3, Train Loss: 0.321386, Val Loss: 0.315364
2026-03-23 14:40:51,098 - FeatureDistillation - INFO - Platform: Books, Epoch: 4, Train Loss: 0.318365, Val Loss: 0.312465
2026-03-23 14:40:51,112 - FeatureDistillation - INFO - Platform: Books, Epoch: 5, Train Loss: 0.315125, Val Loss: 0.308724
2026-03-23 14:40:51,122 - FeatureDistillation - INFO - Platform: Books, Epoch: 6, Train Loss: 0.310920, Val Loss: 0.303568
2026-03-23 14:40:51,133 - FeatureDistillation - INFO - Platform: Books, Epoch: 7, Train Loss: 0.303926, Val Loss: 0.296526
2026-03-23 14:40:51,142 - FeatureDistillation - INFO - Platform: Books, Epoch: 8, Train Loss: 0.295057, Val Loss: 0.287060
2026-03-23 14:40:51,157 - FeatureDistillation - INFO - Platform: Books, Epoch: 9, Train Loss: 0.282668, Val Loss: 0.275128
2026-03-23 14:40:51,168 - FeatureDistillation - INFO - Platform: Books, Epoch: 10, Train Loss: 0.272726, Val Loss: 0.261839
2026-03-23 14:40:51,182 - FeatureDistillation - INFO - Platform: Books, Epoch: 11, Train Loss: 0.257805, Val Loss: 0.249919
2026-03-23 14:40:51,192 - FeatureDistillation - INFO - Platform: Books, Epoch: 12, Train Loss: 0.248005, Val Loss: 0.241766
2026-03-23 14:40:51,206 - FeatureDistillation - INFO - Platform: Books, Epoch: 13, Train Loss: 0.233565, Val Loss: 0.237663
2026-03-23 14:40:51,218 - FeatureDistillation - INFO - Platform: Books, Epoch: 14, Train Loss: 0.235544, Val Loss: 0.235840
2026-03-23 14:40:51,230 - FeatureDistillation - INFO - Platform: Books, Epoch: 15, Train Loss: 0.240256, Val Loss: 0.234789
2026-03-23 14:40:51,243 - FeatureDistillation - INFO - Platform: Books, Epoch: 16, Train Loss: 0.226965, Val Loss: 0.236064
2026-03-23 14:40:51,251 - FeatureDistillation - INFO - Platform: Books, Epoch: 17, Train Loss: 0.220483, Val Loss: 0.238714
2026-03-23 14:40:51,258 - FeatureDistillation - INFO - Platform: Books, Epoch: 18, Train Loss: 0.241736, Val Loss: 0.240235
2026-03-23 14:40:51,269 - FeatureDistillation - INFO - Platform: Books, Epoch: 19, Train Loss: 0.223680, Val Loss: 0.237951
2026-03-23 14:40:51,276 - FeatureDistillation - INFO - Platform: Books, Epoch: 20, Train Loss: 0.223514, Val Loss: 0.237423
2026-03-23 14:40:51,282 - FeatureDistillation - INFO - Platform: Books, Epoch: 21, Train Loss: 0.225594, Val Loss: 0.237352
2026-03-23 14:40:51,289 - FeatureDistillation - INFO - Platform: Books, Epoch: 22, Train Loss: 0.221374, Val Loss: 0.238058
2026-03-23 14:40:51,306 - FeatureDistillation - INFO - Early stopping at epoch 23 for Books!
2026-03-23 14:40:51,541 - FeatureDistillation - INFO - Platform Books evaluation metrics: {'AUC': 0.8333333333333334, 'F1-score': 0.7058823529411764}
2026-03-23 14:40:51,556 - FeatureDistillation - INFO - Platform: Electronics, Epoch: 1, Train Loss: 0.331671, Val Loss: 0.323627
2026-03-23 14:40:51,574 - FeatureDistillation - INFO - Platform: Electronics, Epoch: 2, Train Loss: 0.326105, Val Loss: 0.317300
2026-03-23 14:40:51,587 - FeatureDistillation - INFO - Platform: Electronics, Epoch: 3, Train Loss: 0.318429, Val Loss: 0.307368
2026-03-23 14:40:51,603 - FeatureDistillation - INFO - Platform: Electronics, Epoch: 4, Train Loss: 0.306833, Val Loss: 0.292056
2026-03-23 14:40:51,621 - FeatureDistillation - INFO - Platform: Electronics, Epoch: 5, Train Loss: 0.288585, Val Loss: 0.270138
2026-03-23 14:40:51,640 - FeatureDistillation - INFO - Platform: Electronics, Epoch: 6, Train Loss: 0.265662, Val Loss: 0.244879
2026-03-23 14:40:51,661 - FeatureDistillation - INFO - Platform: Electronics, Epoch: 7, Train Loss: 0.242865, Val Loss: 0.226216
2026-03-23 14:40:51,678 - FeatureDistillation - INFO - Platform: Electronics, Epoch: 8, Train Loss: 0.226982, Val Loss: 0.219973
2026-03-23 14:40:51,688 - FeatureDistillation - INFO - Platform: Electronics, Epoch: 9, Train Loss: 0.225281, Val Loss: 0.220241
2026-03-23 14:40:51,704 - FeatureDistillation - INFO - Platform: Electronics, Epoch: 10, Train Loss: 0.232479, Val Loss: 0.220299
2026-03-23 14:40:51,721 - FeatureDistillation - INFO - Platform: Electronics, Epoch: 11, Train Loss: 0.222535, Val Loss: 0.219787
2026-03-23 14:40:51,735 - FeatureDistillation - INFO - Platform: Electronics, Epoch: 12, Train Loss: 0.230170, Val Loss: 0.219164
2026-03-23 14:40:51,750 - FeatureDistillation - INFO - Platform: Electronics, Epoch: 13, Train Loss: 0.217783, Val Loss: 0.219758
2026-03-23 14:40:51,763 - FeatureDistillation - INFO - Platform: Electronics, Epoch: 14, Train Loss: 0.224201, Val Loss: 0.220174
2026-03-23 14:40:51,774 - FeatureDistillation - INFO - Platform: Electronics, Epoch: 15, Train Loss: 0.220350, Val Loss: 0.221403
2026-03-23 14:40:51,790 - FeatureDistillation - INFO - Platform: Electronics, Epoch: 16, Train Loss: 0.224984, Val Loss: 0.220030
2026-03-23 14:40:51,807 - FeatureDistillation - INFO - Platform: Electronics, Epoch: 17, Train Loss: 0.220387, Val Loss: 0.218649
2026-03-23 14:40:51,827 - FeatureDistillation - INFO - Platform: Electronics, Epoch: 18, Train Loss: 0.222264, Val Loss: 0.217756
2026-03-23 14:40:51,844 - FeatureDistillation - INFO - Platform: Electronics, Epoch: 19, Train Loss: 0.221962, Val Loss: 0.217367
2026-03-23 14:40:51,859 - FeatureDistillation - INFO - Platform: Electronics, Epoch: 20, Train Loss: 0.220116, Val Loss: 0.217109
2026-03-23 14:40:51,878 - FeatureDistillation - INFO - Platform: Electronics, Epoch: 21, Train Loss: 0.221334, Val Loss: 0.216701
2026-03-23 14:40:51,895 - FeatureDistillation - INFO - Platform: Electronics, Epoch: 22, Train Loss: 0.221074, Val Loss: 0.216431
2026-03-23 14:40:51,915 - FeatureDistillation - INFO - Platform: Electronics, Epoch: 23, Train Loss: 0.218253, Val Loss: 0.216323
2026-03-23 14:40:51,931 - FeatureDistillation - INFO - Platform: Electronics, Epoch: 24, Train Loss: 0.219963, Val Loss: 0.217433
2026-03-23 14:40:51,941 - FeatureDistillation - INFO - Platform: Electronics, Epoch: 25, Train Loss: 0.217751, Val Loss: 0.216327
2026-03-23 14:40:51,956 - FeatureDistillation - INFO - Platform: Electronics, Epoch: 26, Train Loss: 0.214603, Val Loss: 0.215224
2026-03-23 14:40:51,971 - FeatureDistillation - INFO - Platform: Electronics, Epoch: 27, Train Loss: 0.217180, Val Loss: 0.214038
2026-03-23 14:40:51,983 - FeatureDistillation - INFO - Platform: Electronics, Epoch: 28, Train Loss: 0.214295, Val Loss: 0.213064
2026-03-23 14:40:51,994 - FeatureDistillation - INFO - Platform: Electronics, Epoch: 29, Train Loss: 0.210826, Val Loss: 0.213308
2026-03-23 14:40:52,003 - FeatureDistillation - INFO - Platform: Electronics, Epoch: 30, Train Loss: 0.214119, Val Loss: 0.213924
2026-03-23 14:40:52,016 - FeatureDistillation - INFO - Platform: Electronics, Epoch: 31, Train Loss: 0.208930, Val Loss: 0.211210
2026-03-23 14:40:52,029 - FeatureDistillation - INFO - Platform: Electronics, Epoch: 32, Train Loss: 0.210549, Val Loss: 0.210045
2026-03-23 14:40:52,043 - FeatureDistillation - INFO - Platform: Electronics, Epoch: 33, Train Loss: 0.212068, Val Loss: 0.209911
2026-03-23 14:40:52,055 - FeatureDistillation - INFO - Platform: Electronics, Epoch: 34, Train Loss: 0.206819, Val Loss: 0.210854
2026-03-23 14:40:52,064 - FeatureDistillation - INFO - Platform: Electronics, Epoch: 35, Train Loss: 0.203044, Val Loss: 0.211098
2026-03-23 14:40:52,077 - FeatureDistillation - INFO - Platform: Electronics, Epoch: 36, Train Loss: 0.206542, Val Loss: 0.207013
2026-03-23 14:40:52,091 - FeatureDistillation - INFO - Platform: Electronics, Epoch: 37, Train Loss: 0.208407, Val Loss: 0.205820
2026-03-23 14:40:52,105 - FeatureDistillation - INFO - Platform: Electronics, Epoch: 38, Train Loss: 0.202095, Val Loss: 0.204957
2026-03-23 14:40:52,118 - FeatureDistillation - INFO - Platform: Electronics, Epoch: 39, Train Loss: 0.203950, Val Loss: 0.207200
2026-03-23 14:40:52,127 - FeatureDistillation - INFO - Platform: Electronics, Epoch: 40, Train Loss: 0.207063, Val Loss: 0.209218
2026-03-23 14:40:52,143 - FeatureDistillation - INFO - Platform: Electronics, Epoch: 41, Train Loss: 0.204077, Val Loss: 0.202219
2026-03-23 14:40:52,157 - FeatureDistillation - INFO - Platform: Electronics, Epoch: 42, Train Loss: 0.201936, Val Loss: 0.201761
2026-03-23 14:40:52,170 - FeatureDistillation - INFO - Platform: Electronics, Epoch: 43, Train Loss: 0.203200, Val Loss: 0.200554
2026-03-23 14:40:52,185 - FeatureDistillation - INFO - Platform: Electronics, Epoch: 44, Train Loss: 0.196971, Val Loss: 0.199786
2026-03-23 14:40:52,199 - FeatureDistillation - INFO - Platform: Electronics, Epoch: 45, Train Loss: 0.198766, Val Loss: 0.199828
2026-03-23 14:40:52,211 - FeatureDistillation - INFO - Platform: Electronics, Epoch: 46, Train Loss: 0.197998, Val Loss: 0.198578
2026-03-23 14:40:52,225 - FeatureDistillation - INFO - Platform: Electronics, Epoch: 47, Train Loss: 0.203665, Val Loss: 0.197227
2026-03-23 14:40:52,240 - FeatureDistillation - INFO - Platform: Electronics, Epoch: 48, Train Loss: 0.193304, Val Loss: 0.197093
2026-03-23 14:40:52,255 - FeatureDistillation - INFO - Platform: Electronics, Epoch: 49, Train Loss: 0.200202, Val Loss: 0.196494
2026-03-23 14:40:52,269 - FeatureDistillation - INFO - Platform: Electronics, Epoch: 50, Train Loss: 0.201253, Val Loss: 0.196492
2026-03-23 14:40:52,512 - FeatureDistillation - INFO - Platform Electronics evaluation metrics: {'AUC': 0.5833333333333333, 'F1-score': 0.4210526315789474}
2026-03-23 14:40:52,526 - FeatureDistillation - INFO - Platform: Clothing, Epoch: 1, Train Loss: 0.321972, Val Loss: 0.315254
2026-03-23 14:40:52,539 - FeatureDistillation - INFO - Platform: Clothing, Epoch: 2, Train Loss: 0.317273, Val Loss: 0.310222
2026-03-23 14:40:52,553 - FeatureDistillation - INFO - Platform: Clothing, Epoch: 3, Train Loss: 0.311188, Val Loss: 0.302621
2026-03-23 14:40:52,568 - FeatureDistillation - INFO - Platform: Clothing, Epoch: 4, Train Loss: 0.302170, Val Loss: 0.291184
2026-03-23 14:40:52,582 - FeatureDistillation - INFO - Platform: Clothing, Epoch: 5, Train Loss: 0.289371, Val Loss: 0.274081
2026-03-23 14:40:52,596 - FeatureDistillation - INFO - Platform: Clothing, Epoch: 6, Train Loss: 0.270043, Val Loss: 0.252219
2026-03-23 14:40:52,608 - FeatureDistillation - INFO - Platform: Clothing, Epoch: 7, Train Loss: 0.247995, Val Loss: 0.232070
2026-03-23 14:40:52,624 - FeatureDistillation - INFO - Platform: Clothing, Epoch: 8, Train Loss: 0.230274, Val Loss: 0.220475
2026-03-23 14:40:52,636 - FeatureDistillation - INFO - Platform: Clothing, Epoch: 9, Train Loss: 0.226028, Val Loss: 0.218053
2026-03-23 14:40:52,646 - FeatureDistillation - INFO - Platform: Clothing, Epoch: 10, Train Loss: 0.224498, Val Loss: 0.218366
2026-03-23 14:40:52,659 - FeatureDistillation - INFO - Platform: Clothing, Epoch: 11, Train Loss: 0.223707, Val Loss: 0.219937
2026-03-23 14:40:52,669 - FeatureDistillation - INFO - Platform: Clothing, Epoch: 12, Train Loss: 0.221138, Val Loss: 0.223007
2026-03-23 14:40:52,679 - FeatureDistillation - INFO - Platform: Clothing, Epoch: 13, Train Loss: 0.217754, Val Loss: 0.222868
2026-03-23 14:40:52,690 - FeatureDistillation - INFO - Platform: Clothing, Epoch: 14, Train Loss: 0.225787, Val Loss: 0.220468
2026-03-23 14:40:52,703 - FeatureDistillation - INFO - Platform: Clothing, Epoch: 15, Train Loss: 0.217616, Val Loss: 0.219140
2026-03-23 14:40:52,714 - FeatureDistillation - INFO - Platform: Clothing, Epoch: 16, Train Loss: 0.223248, Val Loss: 0.218972
2026-03-23 14:40:52,726 - FeatureDistillation - INFO - Early stopping at epoch 17 for Clothing!
2026-03-23 14:40:52,965 - FeatureDistillation - INFO - Platform Clothing evaluation metrics: {'AUC': 0.6944444444444444, 'F1-score': 0.6399999999999999}
2026-03-23 14:40:52,968 - FeatureDistillation - INFO - Ablation experiment completed!
2026-03-23 14:40:52,968 - FeatureDistillation - INFO - Running hyperparam sensitivity analysis for α=0.5
2026-03-23 14:40:52,983 - FeatureDistillation - INFO - Platform: Books, Epoch: 1, Train Loss: 0.433455, Val Loss: 0.428649
2026-03-23 14:40:52,994 - FeatureDistillation - INFO - Platform: Books, Epoch: 2, Train Loss: 0.431397, Val Loss: 0.426696
2026-03-23 14:40:53,004 - FeatureDistillation - INFO - Platform: Books, Epoch: 3, Train Loss: 0.428913, Val Loss: 0.424506
2026-03-23 14:40:53,014 - FeatureDistillation - INFO - Platform: Books, Epoch: 4, Train Loss: 0.425979, Val Loss: 0.421895
2026-03-23 14:40:53,027 - FeatureDistillation - INFO - Platform: Books, Epoch: 5, Train Loss: 0.422446, Val Loss: 0.418669
2026-03-23 14:40:53,038 - FeatureDistillation - INFO - Platform: Books, Epoch: 6, Train Loss: 0.418220, Val Loss: 0.414720
2026-03-23 14:40:53,050 - FeatureDistillation - INFO - Platform: Books, Epoch: 7, Train Loss: 0.412257, Val Loss: 0.409456
2026-03-23 14:40:53,062 - FeatureDistillation - INFO - Platform: Books, Epoch: 8, Train Loss: 0.405064, Val Loss: 0.402573
2026-03-23 14:40:53,071 - FeatureDistillation - INFO - Platform: Books, Epoch: 9, Train Loss: 0.397472, Val Loss: 0.394526
2026-03-23 14:40:53,082 - FeatureDistillation - INFO - Platform: Books, Epoch: 10, Train Loss: 0.386500, Val Loss: 0.385766
2026-03-23 14:40:53,091 - FeatureDistillation - INFO - Platform: Books, Epoch: 11, Train Loss: 0.375548, Val Loss: 0.378487
2026-03-23 14:40:53,102 - FeatureDistillation - INFO - Platform: Books, Epoch: 12, Train Loss: 0.373657, Val Loss: 0.375641
2026-03-23 14:40:53,109 - FeatureDistillation - INFO - Platform: Books, Epoch: 13, Train Loss: 0.363892, Val Loss: 0.376808
2026-03-23 14:40:53,116 - FeatureDistillation - INFO - Platform: Books, Epoch: 14, Train Loss: 0.359267, Val Loss: 0.377885
2026-03-23 14:40:53,124 - FeatureDistillation - INFO - Platform: Books, Epoch: 15, Train Loss: 0.353663, Val Loss: 0.377446
2026-03-23 14:40:53,131 - FeatureDistillation - INFO - Platform: Books, Epoch: 16, Train Loss: 0.337902, Val Loss: 0.379737
2026-03-23 14:40:53,141 - FeatureDistillation - INFO - Platform: Books, Epoch: 17, Train Loss: 0.343982, Val Loss: 0.384705
2026-03-23 14:40:53,149 - FeatureDistillation - INFO - Platform: Books, Epoch: 18, Train Loss: 0.347927, Val Loss: 0.391046
2026-03-23 14:40:53,156 - FeatureDistillation - INFO - Platform: Books, Epoch: 19, Train Loss: 0.333590, Val Loss: 0.396730
2026-03-23 14:40:53,167 - FeatureDistillation - INFO - Early stopping at epoch 20 for Books!
2026-03-23 14:40:53,404 - FeatureDistillation - INFO - Platform Books evaluation metrics: {'AUC': 0.8095238095238095, 'F1-score': 0.6666666666666667}
2026-03-23 14:40:53,419 - FeatureDistillation - INFO - Platform: Electronics, Epoch: 1, Train Loss: 0.435383, Val Loss: 0.429323
2026-03-23 14:40:53,433 - FeatureDistillation - INFO - Platform: Electronics, Epoch: 2, Train Loss: 0.432666, Val Loss: 0.426718
2026-03-23 14:40:53,446 - FeatureDistillation - INFO - Platform: Electronics, Epoch: 3, Train Loss: 0.429360, Val Loss: 0.423738
2026-03-23 14:40:53,460 - FeatureDistillation - INFO - Platform: Electronics, Epoch: 4, Train Loss: 0.425314, Val Loss: 0.419461
2026-03-23 14:40:53,474 - FeatureDistillation - INFO - Platform: Electronics, Epoch: 5, Train Loss: 0.420316, Val Loss: 0.412701
2026-03-23 14:40:53,488 - FeatureDistillation - INFO - Platform: Electronics, Epoch: 6, Train Loss: 0.412905, Val Loss: 0.402297
2026-03-23 14:40:53,502 - FeatureDistillation - INFO - Platform: Electronics, Epoch: 7, Train Loss: 0.401398, Val Loss: 0.387168
2026-03-23 14:40:53,518 - FeatureDistillation - INFO - Platform: Electronics, Epoch: 8, Train Loss: 0.385323, Val Loss: 0.370124
2026-03-23 14:40:53,531 - FeatureDistillation - INFO - Platform: Electronics, Epoch: 9, Train Loss: 0.370166, Val Loss: 0.358385
2026-03-23 14:40:53,545 - FeatureDistillation - INFO - Platform: Electronics, Epoch: 10, Train Loss: 0.368884, Val Loss: 0.354553
2026-03-23 14:40:53,555 - FeatureDistillation - INFO - Platform: Electronics, Epoch: 11, Train Loss: 0.362036, Val Loss: 0.355072
2026-03-23 14:40:53,565 - FeatureDistillation - INFO - Platform: Electronics, Epoch: 12, Train Loss: 0.368854, Val Loss: 0.354945
2026-03-23 14:40:53,579 - FeatureDistillation - INFO - Platform: Electronics, Epoch: 13, Train Loss: 0.360579, Val Loss: 0.354325
2026-03-23 14:40:53,592 - FeatureDistillation - INFO - Platform: Electronics, Epoch: 14, Train Loss: 0.359202, Val Loss: 0.353931
2026-03-23 14:40:53,608 - FeatureDistillation - INFO - Platform: Electronics, Epoch: 15, Train Loss: 0.358522, Val Loss: 0.353322
2026-03-23 14:40:53,621 - FeatureDistillation - INFO - Platform: Electronics, Epoch: 16, Train Loss: 0.366414, Val Loss: 0.353205
2026-03-23 14:40:53,632 - FeatureDistillation - INFO - Platform: Electronics, Epoch: 17, Train Loss: 0.348372, Val Loss: 0.353713
2026-03-23 14:40:53,645 - FeatureDistillation - INFO - Platform: Electronics, Epoch: 18, Train Loss: 0.364025, Val Loss: 0.353731
2026-03-23 14:40:53,656 - FeatureDistillation - INFO - Platform: Electronics, Epoch: 19, Train Loss: 0.355481, Val Loss: 0.354702
2026-03-23 14:40:53,670 - FeatureDistillation - INFO - Platform: Electronics, Epoch: 20, Train Loss: 0.351929, Val Loss: 0.354518
2026-03-23 14:40:53,684 - FeatureDistillation - INFO - Platform: Electronics, Epoch: 21, Train Loss: 0.354279, Val Loss: 0.352940
2026-03-23 14:40:53,698 - FeatureDistillation - INFO - Platform: Electronics, Epoch: 22, Train Loss: 0.353115, Val Loss: 0.351595
2026-03-23 14:40:53,714 - FeatureDistillation - INFO - Platform: Electronics, Epoch: 23, Train Loss: 0.353747, Val Loss: 0.350615
2026-03-23 14:40:53,728 - FeatureDistillation - INFO - Platform: Electronics, Epoch: 24, Train Loss: 0.354680, Val Loss: 0.349990
2026-03-23 14:40:53,743 - FeatureDistillation - INFO - Platform: Electronics, Epoch: 25, Train Loss: 0.349059, Val Loss: 0.349563
2026-03-23 14:40:53,759 - FeatureDistillation - INFO - Platform: Electronics, Epoch: 26, Train Loss: 0.355046, Val Loss: 0.348901
2026-03-23 14:40:53,779 - FeatureDistillation - INFO - Platform: Electronics, Epoch: 27, Train Loss: 0.354842, Val Loss: 0.348603
2026-03-23 14:40:53,799 - FeatureDistillation - INFO - Platform: Electronics, Epoch: 28, Train Loss: 0.347070, Val Loss: 0.347885
2026-03-23 14:40:53,815 - FeatureDistillation - INFO - Platform: Electronics, Epoch: 29, Train Loss: 0.349644, Val Loss: 0.347073
2026-03-23 14:40:53,832 - FeatureDistillation - INFO - Platform: Electronics, Epoch: 30, Train Loss: 0.347023, Val Loss: 0.345957
2026-03-23 14:40:53,845 - FeatureDistillation - INFO - Platform: Electronics, Epoch: 31, Train Loss: 0.340844, Val Loss: 0.345451
2026-03-23 14:40:53,864 - FeatureDistillation - INFO - Platform: Electronics, Epoch: 32, Train Loss: 0.345741, Val Loss: 0.342307
2026-03-23 14:40:53,881 - FeatureDistillation - INFO - Platform: Electronics, Epoch: 33, Train Loss: 0.338850, Val Loss: 0.340946
2026-03-23 14:40:53,896 - FeatureDistillation - INFO - Platform: Electronics, Epoch: 34, Train Loss: 0.341454, Val Loss: 0.341648
2026-03-23 14:40:53,911 - FeatureDistillation - INFO - Platform: Electronics, Epoch: 35, Train Loss: 0.337463, Val Loss: 0.338068
2026-03-23 14:40:53,929 - FeatureDistillation - INFO - Platform: Electronics, Epoch: 36, Train Loss: 0.331561, Val Loss: 0.335746
2026-03-23 14:40:53,948 - FeatureDistillation - INFO - Platform: Electronics, Epoch: 37, Train Loss: 0.339733, Val Loss: 0.333437
2026-03-23 14:40:53,961 - FeatureDistillation - INFO - Platform: Electronics, Epoch: 38, Train Loss: 0.338922, Val Loss: 0.332270
2026-03-23 14:40:53,971 - FeatureDistillation - INFO - Platform: Electronics, Epoch: 39, Train Loss: 0.331937, Val Loss: 0.334212
2026-03-23 14:40:53,982 - FeatureDistillation - INFO - Platform: Electronics, Epoch: 40, Train Loss: 0.331667, Val Loss: 0.332591
2026-03-23 14:40:53,996 - FeatureDistillation - INFO - Platform: Electronics, Epoch: 41, Train Loss: 0.330917, Val Loss: 0.328166
2026-03-23 14:40:54,009 - FeatureDistillation - INFO - Platform: Electronics, Epoch: 42, Train Loss: 0.331158, Val Loss: 0.327633
2026-03-23 14:40:54,021 - FeatureDistillation - INFO - Platform: Electronics, Epoch: 43, Train Loss: 0.332947, Val Loss: 0.327108
2026-03-23 14:40:54,036 - FeatureDistillation - INFO - Platform: Electronics, Epoch: 44, Train Loss: 0.334924, Val Loss: 0.325754
2026-03-23 14:40:54,052 - FeatureDistillation - INFO - Platform: Electronics, Epoch: 45, Train Loss: 0.326339, Val Loss: 0.324448
2026-03-23 14:40:54,069 - FeatureDistillation - INFO - Platform: Electronics, Epoch: 46, Train Loss: 0.327599, Val Loss: 0.323586
2026-03-23 14:40:54,083 - FeatureDistillation - INFO - Platform: Electronics, Epoch: 47, Train Loss: 0.326458, Val Loss: 0.323001
2026-03-23 14:40:54,093 - FeatureDistillation - INFO - Platform: Electronics, Epoch: 48, Train Loss: 0.330084, Val Loss: 0.324466
2026-03-23 14:40:54,105 - FeatureDistillation - INFO - Platform: Electronics, Epoch: 49, Train Loss: 0.320478, Val Loss: 0.321663
2026-03-23 14:40:54,119 - FeatureDistillation - INFO - Platform: Electronics, Epoch: 50, Train Loss: 0.310009, Val Loss: 0.321575
2026-03-23 14:40:54,357 - FeatureDistillation - INFO - Platform Electronics evaluation metrics: {'AUC': 0.6388888888888888, 'F1-score': 0.35294117647058826}
2026-03-23 14:40:54,373 - FeatureDistillation - INFO - Platform: Clothing, Epoch: 1, Train Loss: 0.430017, Val Loss: 0.425340
2026-03-23 14:40:54,390 - FeatureDistillation - INFO - Platform: Clothing, Epoch: 2, Train Loss: 0.425737, Val Loss: 0.421598
2026-03-23 14:40:54,404 - FeatureDistillation - INFO - Platform: Clothing, Epoch: 3, Train Loss: 0.421313, Val Loss: 0.416513
2026-03-23 14:40:54,419 - FeatureDistillation - INFO - Platform: Clothing, Epoch: 4, Train Loss: 0.415059, Val Loss: 0.409469
2026-03-23 14:40:54,432 - FeatureDistillation - INFO - Platform: Clothing, Epoch: 5, Train Loss: 0.408496, Val Loss: 0.399896
2026-03-23 14:40:54,446 - FeatureDistillation - INFO - Platform: Clothing, Epoch: 6, Train Loss: 0.397807, Val Loss: 0.387843
2026-03-23 14:40:54,458 - FeatureDistillation - INFO - Platform: Clothing, Epoch: 7, Train Loss: 0.385252, Val Loss: 0.373771
2026-03-23 14:40:54,474 - FeatureDistillation - INFO - Platform: Clothing, Epoch: 8, Train Loss: 0.370291, Val Loss: 0.361204
2026-03-23 14:40:54,487 - FeatureDistillation - INFO - Platform: Clothing, Epoch: 9, Train Loss: 0.358016, Val Loss: 0.354616
2026-03-23 14:40:54,499 - FeatureDistillation - INFO - Platform: Clothing, Epoch: 10, Train Loss: 0.357500, Val Loss: 0.356554
2026-03-23 14:40:54,510 - FeatureDistillation - INFO - Platform: Clothing, Epoch: 11, Train Loss: 0.367566, Val Loss: 0.357012
2026-03-23 14:40:54,522 - FeatureDistillation - INFO - Platform: Clothing, Epoch: 12, Train Loss: 0.363023, Val Loss: 0.354322
2026-03-23 14:40:54,535 - FeatureDistillation - INFO - Platform: Clothing, Epoch: 13, Train Loss: 0.361737, Val Loss: 0.355252
2026-03-23 14:40:54,549 - FeatureDistillation - INFO - Platform: Clothing, Epoch: 14, Train Loss: 0.350415, Val Loss: 0.357004
2026-03-23 14:40:54,561 - FeatureDistillation - INFO - Platform: Clothing, Epoch: 15, Train Loss: 0.352211, Val Loss: 0.362649
2026-03-23 14:40:54,572 - FeatureDistillation - INFO - Platform: Clothing, Epoch: 16, Train Loss: 0.364885, Val Loss: 0.368395
2026-03-23 14:40:54,583 - FeatureDistillation - INFO - Platform: Clothing, Epoch: 17, Train Loss: 0.355166, Val Loss: 0.369821
2026-03-23 14:40:54,595 - FeatureDistillation - INFO - Platform: Clothing, Epoch: 18, Train Loss: 0.361132, Val Loss: 0.366444
2026-03-23 14:40:54,607 - FeatureDistillation - INFO - Platform: Clothing, Epoch: 19, Train Loss: 0.361620, Val Loss: 0.364920
2026-03-23 14:40:54,618 - FeatureDistillation - INFO - Early stopping at epoch 20 for Clothing!
2026-03-23 14:40:54,869 - FeatureDistillation - INFO - Platform Clothing evaluation metrics: {'AUC': 0.6388888888888888, 'F1-score': 0.6399999999999999}
2026-03-23 14:40:54,870 - FeatureDistillation - INFO - Running hyperparam sensitivity analysis for α=0.6
2026-03-23 14:40:54,883 - FeatureDistillation - INFO - Platform: Books, Epoch: 1, Train Loss: 0.376826, Val Loss: 0.371358
2026-03-23 14:40:54,893 - FeatureDistillation - INFO - Platform: Books, Epoch: 2, Train Loss: 0.373510, Val Loss: 0.368441
2026-03-23 14:40:54,907 - FeatureDistillation - INFO - Platform: Books, Epoch: 3, Train Loss: 0.369794, Val Loss: 0.364995
2026-03-23 14:40:54,917 - FeatureDistillation - INFO - Platform: Books, Epoch: 4, Train Loss: 0.365138, Val Loss: 0.360736
2026-03-23 14:40:54,929 - FeatureDistillation - INFO - Platform: Books, Epoch: 5, Train Loss: 0.361125, Val Loss: 0.355270
2026-03-23 14:40:54,942 - FeatureDistillation - INFO - Platform: Books, Epoch: 6, Train Loss: 0.354942, Val Loss: 0.348377
2026-03-23 14:40:54,953 - FeatureDistillation - INFO - Platform: Books, Epoch: 7, Train Loss: 0.343030, Val Loss: 0.339350
2026-03-23 14:40:54,965 - FeatureDistillation - INFO - Platform: Books, Epoch: 8, Train Loss: 0.335750, Val Loss: 0.328605
2026-03-23 14:40:54,975 - FeatureDistillation - INFO - Platform: Books, Epoch: 9, Train Loss: 0.323717, Val Loss: 0.317495
2026-03-23 14:40:54,988 - FeatureDistillation - INFO - Platform: Books, Epoch: 10, Train Loss: 0.313302, Val Loss: 0.308663
2026-03-23 14:40:54,999 - FeatureDistillation - INFO - Platform: Books, Epoch: 11, Train Loss: 0.302775, Val Loss: 0.303252
2026-03-23 14:40:55,010 - FeatureDistillation - INFO - Platform: Books, Epoch: 12, Train Loss: 0.300333, Val Loss: 0.303096
2026-03-23 14:40:55,018 - FeatureDistillation - INFO - Platform: Books, Epoch: 13, Train Loss: 0.293781, Val Loss: 0.304526
2026-03-23 14:40:55,026 - FeatureDistillation - INFO - Platform: Books, Epoch: 14, Train Loss: 0.286180, Val Loss: 0.306496
2026-03-23 14:40:55,034 - FeatureDistillation - INFO - Platform: Books, Epoch: 15, Train Loss: 0.296949, Val Loss: 0.307359
2026-03-23 14:40:55,043 - FeatureDistillation - INFO - Platform: Books, Epoch: 16, Train Loss: 0.291472, Val Loss: 0.308566
2026-03-23 14:40:55,051 - FeatureDistillation - INFO - Platform: Books, Epoch: 17, Train Loss: 0.282050, Val Loss: 0.311015
2026-03-23 14:40:55,058 - FeatureDistillation - INFO - Platform: Books, Epoch: 18, Train Loss: 0.279141, Val Loss: 0.316777
2026-03-23 14:40:55,065 - FeatureDistillation - INFO - Platform: Books, Epoch: 19, Train Loss: 0.282490, Val Loss: 0.320163
2026-03-23 14:40:55,074 - FeatureDistillation - INFO - Early stopping at epoch 20 for Books!
2026-03-23 14:40:55,318 - FeatureDistillation - INFO - Platform Books evaluation metrics: {'AUC': 0.8333333333333334, 'F1-score': 0.6666666666666667}
2026-03-23 14:40:55,334 - FeatureDistillation - INFO - Platform: Electronics, Epoch: 1, Train Loss: 0.385028, Val Loss: 0.379143
2026-03-23 14:40:55,349 - FeatureDistillation - INFO - Platform: Electronics, Epoch: 2, Train Loss: 0.381349, Val Loss: 0.375183
2026-03-23 14:40:55,366 - FeatureDistillation - INFO - Platform: Electronics, Epoch: 3, Train Loss: 0.376858, Val Loss: 0.369277
2026-03-23 14:40:55,380 - FeatureDistillation - INFO - Platform: Electronics, Epoch: 4, Train Loss: 0.368877, Val Loss: 0.358883
2026-03-23 14:40:55,393 - FeatureDistillation - INFO - Platform: Electronics, Epoch: 5, Train Loss: 0.357826, Val Loss: 0.342164
2026-03-23 14:40:55,406 - FeatureDistillation - INFO - Platform: Electronics, Epoch: 6, Train Loss: 0.338274, Val Loss: 0.319145
2026-03-23 14:40:55,425 - FeatureDistillation - INFO - Platform: Electronics, Epoch: 7, Train Loss: 0.316243, Val Loss: 0.297372
2026-03-23 14:40:55,440 - FeatureDistillation - INFO - Platform: Electronics, Epoch: 8, Train Loss: 0.294793, Val Loss: 0.288063
2026-03-23 14:40:55,452 - FeatureDistillation - INFO - Platform: Electronics, Epoch: 9, Train Loss: 0.299004, Val Loss: 0.288720
2026-03-23 14:40:55,463 - FeatureDistillation - INFO - Platform: Electronics, Epoch: 10, Train Loss: 0.298539, Val Loss: 0.288195
2026-03-23 14:40:55,476 - FeatureDistillation - INFO - Platform: Electronics, Epoch: 11, Train Loss: 0.301567, Val Loss: 0.287872
2026-03-23 14:40:55,489 - FeatureDistillation - INFO - Platform: Electronics, Epoch: 12, Train Loss: 0.294618, Val Loss: 0.290286
2026-03-23 14:40:55,502 - FeatureDistillation - INFO - Platform: Electronics, Epoch: 13, Train Loss: 0.291156, Val Loss: 0.288188
2026-03-23 14:40:55,513 - FeatureDistillation - INFO - Platform: Electronics, Epoch: 14, Train Loss: 0.285343, Val Loss: 0.287955
2026-03-23 14:40:55,529 - FeatureDistillation - INFO - Platform: Electronics, Epoch: 15, Train Loss: 0.287778, Val Loss: 0.287716
2026-03-23 14:40:55,540 - FeatureDistillation - INFO - Platform: Electronics, Epoch: 16, Train Loss: 0.292906, Val Loss: 0.288061
2026-03-23 14:40:55,555 - FeatureDistillation - INFO - Platform: Electronics, Epoch: 17, Train Loss: 0.293330, Val Loss: 0.286797
2026-03-23 14:40:55,569 - FeatureDistillation - INFO - Platform: Electronics, Epoch: 18, Train Loss: 0.290734, Val Loss: 0.285521
2026-03-23 14:40:55,587 - FeatureDistillation - INFO - Platform: Electronics, Epoch: 19, Train Loss: 0.286540, Val Loss: 0.284640
2026-03-23 14:40:55,598 - FeatureDistillation - INFO - Platform: Electronics, Epoch: 20, Train Loss: 0.289366, Val Loss: 0.284966
2026-03-23 14:40:55,612 - FeatureDistillation - INFO - Platform: Electronics, Epoch: 21, Train Loss: 0.290588, Val Loss: 0.284742
2026-03-23 14:40:55,624 - FeatureDistillation - INFO - Platform: Electronics, Epoch: 22, Train Loss: 0.284262, Val Loss: 0.284650
2026-03-23 14:40:55,638 - FeatureDistillation - INFO - Platform: Electronics, Epoch: 23, Train Loss: 0.286491, Val Loss: 0.284156
2026-03-23 14:40:55,652 - FeatureDistillation - INFO - Platform: Electronics, Epoch: 24, Train Loss: 0.286143, Val Loss: 0.283753
2026-03-23 14:40:55,664 - FeatureDistillation - INFO - Platform: Electronics, Epoch: 25, Train Loss: 0.283954, Val Loss: 0.283690
2026-03-23 14:40:55,680 - FeatureDistillation - INFO - Platform: Electronics, Epoch: 26, Train Loss: 0.282049, Val Loss: 0.284183
2026-03-23 14:40:55,692 - FeatureDistillation - INFO - Platform: Electronics, Epoch: 27, Train Loss: 0.284494, Val Loss: 0.285218
2026-03-23 14:40:55,706 - FeatureDistillation - INFO - Platform: Electronics, Epoch: 28, Train Loss: 0.288009, Val Loss: 0.283020
2026-03-23 14:40:55,719 - FeatureDistillation - INFO - Platform: Electronics, Epoch: 29, Train Loss: 0.280890, Val Loss: 0.281267
2026-03-23 14:40:55,733 - FeatureDistillation - INFO - Platform: Electronics, Epoch: 30, Train Loss: 0.281711, Val Loss: 0.280096
2026-03-23 14:40:55,747 - FeatureDistillation - INFO - Platform: Electronics, Epoch: 31, Train Loss: 0.282490, Val Loss: 0.279786
2026-03-23 14:40:55,757 - FeatureDistillation - INFO - Platform: Electronics, Epoch: 32, Train Loss: 0.280381, Val Loss: 0.281312
2026-03-23 14:40:55,776 - FeatureDistillation - INFO - Platform: Electronics, Epoch: 33, Train Loss: 0.277710, Val Loss: 0.278888
2026-03-23 14:40:55,791 - FeatureDistillation - INFO - Platform: Electronics, Epoch: 34, Train Loss: 0.276222, Val Loss: 0.275363
2026-03-23 14:40:55,812 - FeatureDistillation - INFO - Platform: Electronics, Epoch: 35, Train Loss: 0.277612, Val Loss: 0.275326
2026-03-23 14:40:55,832 - FeatureDistillation - INFO - Platform: Electronics, Epoch: 36, Train Loss: 0.270748, Val Loss: 0.274483
2026-03-23 14:40:55,847 - FeatureDistillation - INFO - Platform: Electronics, Epoch: 37, Train Loss: 0.270106, Val Loss: 0.276305
2026-03-23 14:40:55,866 - FeatureDistillation - INFO - Platform: Electronics, Epoch: 38, Train Loss: 0.265819, Val Loss: 0.271714
2026-03-23 14:40:55,884 - FeatureDistillation - INFO - Platform: Electronics, Epoch: 39, Train Loss: 0.272933, Val Loss: 0.269685
2026-03-23 14:40:55,898 - FeatureDistillation - INFO - Platform: Electronics, Epoch: 40, Train Loss: 0.270369, Val Loss: 0.269261
2026-03-23 14:40:55,915 - FeatureDistillation - INFO - Platform: Electronics, Epoch: 41, Train Loss: 0.266791, Val Loss: 0.269064
2026-03-23 14:40:55,934 - FeatureDistillation - INFO - Platform: Electronics, Epoch: 42, Train Loss: 0.264664, Val Loss: 0.267386
2026-03-23 14:40:55,947 - FeatureDistillation - INFO - Platform: Electronics, Epoch: 43, Train Loss: 0.272448, Val Loss: 0.268608
2026-03-23 14:40:55,960 - FeatureDistillation - INFO - Platform: Electronics, Epoch: 44, Train Loss: 0.264926, Val Loss: 0.265536
2026-03-23 14:40:55,973 - FeatureDistillation - INFO - Platform: Electronics, Epoch: 45, Train Loss: 0.271495, Val Loss: 0.263786
2026-03-23 14:40:55,985 - FeatureDistillation - INFO - Platform: Electronics, Epoch: 46, Train Loss: 0.261162, Val Loss: 0.265534
2026-03-23 14:40:55,997 - FeatureDistillation - INFO - Platform: Electronics, Epoch: 47, Train Loss: 0.265003, Val Loss: 0.265694
2026-03-23 14:40:56,014 - FeatureDistillation - INFO - Platform: Electronics, Epoch: 48, Train Loss: 0.265950, Val Loss: 0.262484
2026-03-23 14:40:56,031 - FeatureDistillation - INFO - Platform: Electronics, Epoch: 49, Train Loss: 0.258128, Val Loss: 0.261739
2026-03-23 14:40:56,041 - FeatureDistillation - INFO - Platform: Electronics, Epoch: 50, Train Loss: 0.260550, Val Loss: 0.262083
2026-03-23 14:40:56,281 - FeatureDistillation - INFO - Platform Electronics evaluation metrics: {'AUC': 0.625, 'F1-score': 0.35294117647058826}
2026-03-23 14:40:56,297 - FeatureDistillation - INFO - Platform: Clothing, Epoch: 1, Train Loss: 0.377193, Val Loss: 0.369948
2026-03-23 14:40:56,311 - FeatureDistillation - INFO - Platform: Clothing, Epoch: 2, Train Loss: 0.369836, Val Loss: 0.363376
2026-03-23 14:40:56,327 - FeatureDistillation - INFO - Platform: Clothing, Epoch: 3, Train Loss: 0.363471, Val Loss: 0.353249
2026-03-23 14:40:56,342 - FeatureDistillation - INFO - Platform: Clothing, Epoch: 4, Train Loss: 0.352299, Val Loss: 0.339131
2026-03-23 14:40:56,356 - FeatureDistillation - INFO - Platform: Clothing, Epoch: 5, Train Loss: 0.338288, Val Loss: 0.320866
2026-03-23 14:40:56,370 - FeatureDistillation - INFO - Platform: Clothing, Epoch: 6, Train Loss: 0.321587, Val Loss: 0.302151
2026-03-23 14:40:56,386 - FeatureDistillation - INFO - Platform: Clothing, Epoch: 7, Train Loss: 0.302126, Val Loss: 0.290352
2026-03-23 14:40:56,402 - FeatureDistillation - INFO - Platform: Clothing, Epoch: 8, Train Loss: 0.297563, Val Loss: 0.287301
2026-03-23 14:40:56,417 - FeatureDistillation - INFO - Platform: Clothing, Epoch: 9, Train Loss: 0.293201, Val Loss: 0.285186
2026-03-23 14:40:56,430 - FeatureDistillation - INFO - Platform: Clothing, Epoch: 10, Train Loss: 0.290427, Val Loss: 0.286371
2026-03-23 14:40:56,440 - FeatureDistillation - INFO - Platform: Clothing, Epoch: 11, Train Loss: 0.284097, Val Loss: 0.291577
2026-03-23 14:40:56,452 - FeatureDistillation - INFO - Platform: Clothing, Epoch: 12, Train Loss: 0.287388, Val Loss: 0.295712
2026-03-23 14:40:56,465 - FeatureDistillation - INFO - Platform: Clothing, Epoch: 13, Train Loss: 0.287414, Val Loss: 0.296434
2026-03-23 14:40:56,476 - FeatureDistillation - INFO - Platform: Clothing, Epoch: 14, Train Loss: 0.291593, Val Loss: 0.292616
2026-03-23 14:40:56,488 - FeatureDistillation - INFO - Platform: Clothing, Epoch: 15, Train Loss: 0.286799, Val Loss: 0.288679
2026-03-23 14:40:56,498 - FeatureDistillation - INFO - Platform: Clothing, Epoch: 16, Train Loss: 0.287471, Val Loss: 0.287123
2026-03-23 14:40:56,511 - FeatureDistillation - INFO - Early stopping at epoch 17 for Clothing!
2026-03-23 14:40:56,757 - FeatureDistillation - INFO - Platform Clothing evaluation metrics: {'AUC': 0.6527777777777778, 'F1-score': 0.6399999999999999}
2026-03-23 14:40:56,758 - FeatureDistillation - INFO - Running hyperparam sensitivity analysis for α=0.7
2026-03-23 14:40:56,770 - FeatureDistillation - INFO - Platform: Books, Epoch: 1, Train Loss: 0.324758, Val Loss: 0.318493
2026-03-23 14:40:56,786 - FeatureDistillation - INFO - Platform: Books, Epoch: 2, Train Loss: 0.321275, Val Loss: 0.315022
2026-03-23 14:40:56,797 - FeatureDistillation - INFO - Platform: Books, Epoch: 3, Train Loss: 0.317414, Val Loss: 0.310946
2026-03-23 14:40:56,815 - FeatureDistillation - INFO - Platform: Books, Epoch: 4, Train Loss: 0.312712, Val Loss: 0.306036
2026-03-23 14:40:56,830 - FeatureDistillation - INFO - Platform: Books, Epoch: 5, Train Loss: 0.307467, Val Loss: 0.299468
2026-03-23 14:40:56,840 - FeatureDistillation - INFO - Platform: Books, Epoch: 6, Train Loss: 0.301196, Val Loss: 0.290677
2026-03-23 14:40:56,854 - FeatureDistillation - INFO - Platform: Books, Epoch: 7, Train Loss: 0.289342, Val Loss: 0.279255
2026-03-23 14:40:56,869 - FeatureDistillation - INFO - Platform: Books, Epoch: 8, Train Loss: 0.279166, Val Loss: 0.265197
2026-03-23 14:40:56,880 - FeatureDistillation - INFO - Platform: Books, Epoch: 9, Train Loss: 0.266388, Val Loss: 0.250411
2026-03-23 14:40:56,895 - FeatureDistillation - INFO - Platform: Books, Epoch: 10, Train Loss: 0.251019, Val Loss: 0.238678
2026-03-23 14:40:56,907 - FeatureDistillation - INFO - Platform: Books, Epoch: 11, Train Loss: 0.242650, Val Loss: 0.233325
2026-03-23 14:40:56,919 - FeatureDistillation - INFO - Platform: Books, Epoch: 12, Train Loss: 0.235141, Val Loss: 0.233111
2026-03-23 14:40:56,933 - FeatureDistillation - INFO - Platform: Books, Epoch: 13, Train Loss: 0.230106, Val Loss: 0.234747
2026-03-23 14:40:56,942 - FeatureDistillation - INFO - Platform: Books, Epoch: 14, Train Loss: 0.225379, Val Loss: 0.236092
2026-03-23 14:40:56,949 - FeatureDistillation - INFO - Platform: Books, Epoch: 15, Train Loss: 0.231096, Val Loss: 0.235452
2026-03-23 14:40:56,958 - FeatureDistillation - INFO - Platform: Books, Epoch: 16, Train Loss: 0.235781, Val Loss: 0.233794
2026-03-23 14:40:56,971 - FeatureDistillation - INFO - Platform: Books, Epoch: 17, Train Loss: 0.229423, Val Loss: 0.234589
2026-03-23 14:40:56,979 - FeatureDistillation - INFO - Platform: Books, Epoch: 18, Train Loss: 0.225078, Val Loss: 0.236475
2026-03-23 14:40:56,986 - FeatureDistillation - INFO - Platform: Books, Epoch: 19, Train Loss: 0.219975, Val Loss: 0.237067
2026-03-23 14:40:56,997 - FeatureDistillation - INFO - Early stopping at epoch 20 for Books!
2026-03-23 14:40:57,241 - FeatureDistillation - INFO - Platform Books evaluation metrics: {'AUC': 0.8809523809523809, 'F1-score': 0.7692307692307692}
2026-03-23 14:40:57,259 - FeatureDistillation - INFO - Platform: Electronics, Epoch: 1, Train Loss: 0.330664, Val Loss: 0.324455
2026-03-23 14:40:57,278 - FeatureDistillation - INFO - Platform: Electronics, Epoch: 2, Train Loss: 0.325790, Val Loss: 0.318317
2026-03-23 14:40:57,298 - FeatureDistillation - INFO - Platform: Electronics, Epoch: 3, Train Loss: 0.318814, Val Loss: 0.309079
2026-03-23 14:40:57,317 - FeatureDistillation - INFO - Platform: Electronics, Epoch: 4, Train Loss: 0.307171, Val Loss: 0.294276
2026-03-23 14:40:57,334 - FeatureDistillation - INFO - Platform: Electronics, Epoch: 5, Train Loss: 0.290437, Val Loss: 0.271453
2026-03-23 14:40:57,349 - FeatureDistillation - INFO - Platform: Electronics, Epoch: 6, Train Loss: 0.266127, Val Loss: 0.244221
2026-03-23 14:40:57,365 - FeatureDistillation - INFO - Platform: Electronics, Epoch: 7, Train Loss: 0.240819, Val Loss: 0.225114
2026-03-23 14:40:57,380 - FeatureDistillation - INFO - Platform: Electronics, Epoch: 8, Train Loss: 0.227078, Val Loss: 0.221067
2026-03-23 14:40:57,390 - FeatureDistillation - INFO - Platform: Electronics, Epoch: 9, Train Loss: 0.228300, Val Loss: 0.221990
2026-03-23 14:40:57,405 - FeatureDistillation - INFO - Platform: Electronics, Epoch: 10, Train Loss: 0.229699, Val Loss: 0.223163
2026-03-23 14:40:57,422 - FeatureDistillation - INFO - Platform: Electronics, Epoch: 11, Train Loss: 0.229513, Val Loss: 0.221442
2026-03-23 14:40:57,437 - FeatureDistillation - INFO - Platform: Electronics, Epoch: 12, Train Loss: 0.225763, Val Loss: 0.221335
2026-03-23 14:40:57,450 - FeatureDistillation - INFO - Platform: Electronics, Epoch: 13, Train Loss: 0.226029, Val Loss: 0.220810
2026-03-23 14:40:57,464 - FeatureDistillation - INFO - Platform: Electronics, Epoch: 14, Train Loss: 0.220779, Val Loss: 0.220236
2026-03-23 14:40:57,484 - FeatureDistillation - INFO - Platform: Electronics, Epoch: 15, Train Loss: 0.220873, Val Loss: 0.220070
2026-03-23 14:40:57,502 - FeatureDistillation - INFO - Platform: Electronics, Epoch: 16, Train Loss: 0.218915, Val Loss: 0.219732
2026-03-23 14:40:57,517 - FeatureDistillation - INFO - Platform: Electronics, Epoch: 17, Train Loss: 0.223097, Val Loss: 0.218688
2026-03-23 14:40:57,532 - FeatureDistillation - INFO - Platform: Electronics, Epoch: 18, Train Loss: 0.218757, Val Loss: 0.218028
2026-03-23 14:40:57,550 - FeatureDistillation - INFO - Platform: Electronics, Epoch: 19, Train Loss: 0.222068, Val Loss: 0.217363
2026-03-23 14:40:57,562 - FeatureDistillation - INFO - Platform: Electronics, Epoch: 20, Train Loss: 0.220188, Val Loss: 0.217286
2026-03-23 14:40:57,576 - FeatureDistillation - INFO - Platform: Electronics, Epoch: 21, Train Loss: 0.224433, Val Loss: 0.217427
2026-03-23 14:40:57,587 - FeatureDistillation - INFO - Platform: Electronics, Epoch: 22, Train Loss: 0.213439, Val Loss: 0.217448
2026-03-23 14:40:57,599 - FeatureDistillation - INFO - Platform: Electronics, Epoch: 23, Train Loss: 0.222711, Val Loss: 0.217194
2026-03-23 14:40:57,613 - FeatureDistillation - INFO - Platform: Electronics, Epoch: 24, Train Loss: 0.219697, Val Loss: 0.216798
2026-03-23 14:40:57,631 - FeatureDistillation - INFO - Platform: Electronics, Epoch: 25, Train Loss: 0.219335, Val Loss: 0.216324
2026-03-23 14:40:57,645 - FeatureDistillation - INFO - Platform: Electronics, Epoch: 26, Train Loss: 0.218160, Val Loss: 0.216159
2026-03-23 14:40:57,655 - FeatureDistillation - INFO - Platform: Electronics, Epoch: 27, Train Loss: 0.214030, Val Loss: 0.216281
2026-03-23 14:40:57,669 - FeatureDistillation - INFO - Platform: Electronics, Epoch: 28, Train Loss: 0.214478, Val Loss: 0.215972
2026-03-23 14:40:57,681 - FeatureDistillation - INFO - Platform: Electronics, Epoch: 29, Train Loss: 0.218486, Val Loss: 0.214943
2026-03-23 14:40:57,694 - FeatureDistillation - INFO - Platform: Electronics, Epoch: 30, Train Loss: 0.210723, Val Loss: 0.213438
2026-03-23 14:40:57,711 - FeatureDistillation - INFO - Platform: Electronics, Epoch: 31, Train Loss: 0.212891, Val Loss: 0.212368
2026-03-23 14:40:57,723 - FeatureDistillation - INFO - Platform: Electronics, Epoch: 32, Train Loss: 0.215120, Val Loss: 0.211954
2026-03-23 14:40:57,735 - FeatureDistillation - INFO - Platform: Electronics, Epoch: 33, Train Loss: 0.214482, Val Loss: 0.212824
2026-03-23 14:40:57,752 - FeatureDistillation - INFO - Platform: Electronics, Epoch: 34, Train Loss: 0.208509, Val Loss: 0.210999
2026-03-23 14:40:57,767 - FeatureDistillation - INFO - Platform: Electronics, Epoch: 35, Train Loss: 0.212275, Val Loss: 0.209035
2026-03-23 14:40:57,782 - FeatureDistillation - INFO - Platform: Electronics, Epoch: 36, Train Loss: 0.208800, Val Loss: 0.208685
2026-03-23 14:40:57,796 - FeatureDistillation - INFO - Platform: Electronics, Epoch: 37, Train Loss: 0.209379, Val Loss: 0.210082
2026-03-23 14:40:57,811 - FeatureDistillation - INFO - Platform: Electronics, Epoch: 38, Train Loss: 0.206195, Val Loss: 0.206248
2026-03-23 14:40:57,826 - FeatureDistillation - INFO - Platform: Electronics, Epoch: 39, Train Loss: 0.202813, Val Loss: 0.205795
2026-03-23 14:40:57,843 - FeatureDistillation - INFO - Platform: Electronics, Epoch: 40, Train Loss: 0.202739, Val Loss: 0.205423
2026-03-23 14:40:57,853 - FeatureDistillation - INFO - Platform: Electronics, Epoch: 41, Train Loss: 0.206466, Val Loss: 0.210451
2026-03-23 14:40:57,865 - FeatureDistillation - INFO - Platform: Electronics, Epoch: 42, Train Loss: 0.199129, Val Loss: 0.203257
2026-03-23 14:40:57,879 - FeatureDistillation - INFO - Platform: Electronics, Epoch: 43, Train Loss: 0.202424, Val Loss: 0.202304
2026-03-23 14:40:57,891 - FeatureDistillation - INFO - Platform: Electronics, Epoch: 44, Train Loss: 0.199647, Val Loss: 0.202212
2026-03-23 14:40:57,905 - FeatureDistillation - INFO - Platform: Electronics, Epoch: 45, Train Loss: 0.199854, Val Loss: 0.202055
2026-03-23 14:40:57,918 - FeatureDistillation - INFO - Platform: Electronics, Epoch: 46, Train Loss: 0.205159, Val Loss: 0.200040
2026-03-23 14:40:57,932 - FeatureDistillation - INFO - Platform: Electronics, Epoch: 47, Train Loss: 0.193149, Val Loss: 0.199879
2026-03-23 14:40:57,946 - FeatureDistillation - INFO - Platform: Electronics, Epoch: 48, Train Loss: 0.197433, Val Loss: 0.198181
2026-03-23 14:40:57,962 - FeatureDistillation - INFO - Platform: Electronics, Epoch: 49, Train Loss: 0.197239, Val Loss: 0.197964
2026-03-23 14:40:57,974 - FeatureDistillation - INFO - Platform: Electronics, Epoch: 50, Train Loss: 0.189643, Val Loss: 0.196352
2026-03-23 14:40:58,203 - FeatureDistillation - INFO - Platform Electronics evaluation metrics: {'AUC': 0.6527777777777777, 'F1-score': 0.4444444444444444}
2026-03-23 14:40:58,218 - FeatureDistillation - INFO - Platform: Clothing, Epoch: 1, Train Loss: 0.330023, Val Loss: 0.322748
2026-03-23 14:40:58,231 - FeatureDistillation - INFO - Platform: Clothing, Epoch: 2, Train Loss: 0.323893, Val Loss: 0.314980
2026-03-23 14:40:58,244 - FeatureDistillation - INFO - Platform: Clothing, Epoch: 3, Train Loss: 0.314805, Val Loss: 0.303378
2026-03-23 14:40:58,257 - FeatureDistillation - INFO - Platform: Clothing, Epoch: 4, Train Loss: 0.302259, Val Loss: 0.285490
2026-03-23 14:40:58,269 - FeatureDistillation - INFO - Platform: Clothing, Epoch: 5, Train Loss: 0.281864, Val Loss: 0.260182
2026-03-23 14:40:58,283 - FeatureDistillation - INFO - Platform: Clothing, Epoch: 6, Train Loss: 0.257166, Val Loss: 0.234202
2026-03-23 14:40:58,296 - FeatureDistillation - INFO - Platform: Clothing, Epoch: 7, Train Loss: 0.236869, Val Loss: 0.220421
2026-03-23 14:40:58,309 - FeatureDistillation - INFO - Platform: Clothing, Epoch: 8, Train Loss: 0.228946, Val Loss: 0.219569
2026-03-23 14:40:58,319 - FeatureDistillation - INFO - Platform: Clothing, Epoch: 9, Train Loss: 0.220035, Val Loss: 0.220945
2026-03-23 14:40:58,331 - FeatureDistillation - INFO - Platform: Clothing, Epoch: 10, Train Loss: 0.222154, Val Loss: 0.219894
2026-03-23 14:40:58,348 - FeatureDistillation - INFO - Platform: Clothing, Epoch: 11, Train Loss: 0.224936, Val Loss: 0.219165
2026-03-23 14:40:58,357 - FeatureDistillation - INFO - Platform: Clothing, Epoch: 12, Train Loss: 0.219485, Val Loss: 0.219450
2026-03-23 14:40:58,371 - FeatureDistillation - INFO - Platform: Clothing, Epoch: 13, Train Loss: 0.220831, Val Loss: 0.218081
2026-03-23 14:40:58,380 - FeatureDistillation - INFO - Platform: Clothing, Epoch: 14, Train Loss: 0.223996, Val Loss: 0.218491
2026-03-23 14:40:58,391 - FeatureDistillation - INFO - Platform: Clothing, Epoch: 15, Train Loss: 0.218031, Val Loss: 0.218643
2026-03-23 14:40:58,402 - FeatureDistillation - INFO - Platform: Clothing, Epoch: 16, Train Loss: 0.224387, Val Loss: 0.218923
2026-03-23 14:40:58,414 - FeatureDistillation - INFO - Platform: Clothing, Epoch: 17, Train Loss: 0.223052, Val Loss: 0.221823
2026-03-23 14:40:58,424 - FeatureDistillation - INFO - Platform: Clothing, Epoch: 18, Train Loss: 0.221712, Val Loss: 0.221655
2026-03-23 14:40:58,435 - FeatureDistillation - INFO - Platform: Clothing, Epoch: 19, Train Loss: 0.220555, Val Loss: 0.219447
2026-03-23 14:40:58,450 - FeatureDistillation - INFO - Platform: Clothing, Epoch: 20, Train Loss: 0.219330, Val Loss: 0.218460
2026-03-23 14:40:58,465 - FeatureDistillation - INFO - Platform: Clothing, Epoch: 21, Train Loss: 0.223415, Val Loss: 0.217954
2026-03-23 14:40:58,481 - FeatureDistillation - INFO - Platform: Clothing, Epoch: 22, Train Loss: 0.217109, Val Loss: 0.217878
2026-03-23 14:40:58,497 - FeatureDistillation - INFO - Platform: Clothing, Epoch: 23, Train Loss: 0.217678, Val Loss: 0.217328
2026-03-23 14:40:58,514 - FeatureDistillation - INFO - Platform: Clothing, Epoch: 24, Train Loss: 0.218255, Val Loss: 0.216878
2026-03-23 14:40:58,525 - FeatureDistillation - INFO - Platform: Clothing, Epoch: 25, Train Loss: 0.219366, Val Loss: 0.216909
2026-03-23 14:40:58,535 - FeatureDistillation - INFO - Platform: Clothing, Epoch: 26, Train Loss: 0.217651, Val Loss: 0.217016
2026-03-23 14:40:58,545 - FeatureDistillation - INFO - Platform: Clothing, Epoch: 27, Train Loss: 0.220477, Val Loss: 0.217067
2026-03-23 14:40:58,558 - FeatureDistillation - INFO - Platform: Clothing, Epoch: 28, Train Loss: 0.217751, Val Loss: 0.217117
2026-03-23 14:40:58,571 - FeatureDistillation - INFO - Platform: Clothing, Epoch: 29, Train Loss: 0.219787, Val Loss: 0.217200
2026-03-23 14:40:58,581 - FeatureDistillation - INFO - Platform: Clothing, Epoch: 30, Train Loss: 0.216227, Val Loss: 0.217315
2026-03-23 14:40:58,592 - FeatureDistillation - INFO - Platform: Clothing, Epoch: 31, Train Loss: 0.219546, Val Loss: 0.217375
2026-03-23 14:40:58,602 - FeatureDistillation - INFO - Early stopping at epoch 32 for Clothing!
2026-03-23 14:40:58,839 - FeatureDistillation - INFO - Platform Clothing evaluation metrics: {'AUC': 0.6111111111111112, 'F1-score': 0.6666666666666666}
2026-03-23 14:40:58,839 - FeatureDistillation - INFO - Running hyperparam sensitivity analysis for α=0.8
2026-03-23 14:40:58,853 - FeatureDistillation - INFO - Platform: Books, Epoch: 1, Train Loss: 0.274418, Val Loss: 0.266957
2026-03-23 14:40:58,864 - FeatureDistillation - INFO - Platform: Books, Epoch: 2, Train Loss: 0.270009, Val Loss: 0.262461
2026-03-23 14:40:58,875 - FeatureDistillation - INFO - Platform: Books, Epoch: 3, Train Loss: 0.264463, Val Loss: 0.256801
2026-03-23 14:40:58,888 - FeatureDistillation - INFO - Platform: Books, Epoch: 4, Train Loss: 0.258077, Val Loss: 0.248901
2026-03-23 14:40:58,897 - FeatureDistillation - INFO - Platform: Books, Epoch: 5, Train Loss: 0.249505, Val Loss: 0.237919
2026-03-23 14:40:58,909 - FeatureDistillation - INFO - Platform: Books, Epoch: 6, Train Loss: 0.238229, Val Loss: 0.223315
2026-03-23 14:40:58,918 - FeatureDistillation - INFO - Platform: Books, Epoch: 7, Train Loss: 0.221515, Val Loss: 0.205360
2026-03-23 14:40:58,929 - FeatureDistillation - INFO - Platform: Books, Epoch: 8, Train Loss: 0.203528, Val Loss: 0.186542
2026-03-23 14:40:58,939 - FeatureDistillation - INFO - Platform: Books, Epoch: 9, Train Loss: 0.185456, Val Loss: 0.172405
2026-03-23 14:40:58,951 - FeatureDistillation - INFO - Platform: Books, Epoch: 10, Train Loss: 0.171932, Val Loss: 0.166570
2026-03-23 14:40:58,958 - FeatureDistillation - INFO - Platform: Books, Epoch: 11, Train Loss: 0.167459, Val Loss: 0.166638
2026-03-23 14:40:58,965 - FeatureDistillation - INFO - Platform: Books, Epoch: 12, Train Loss: 0.167249, Val Loss: 0.166582
2026-03-23 14:40:58,974 - FeatureDistillation - INFO - Platform: Books, Epoch: 13, Train Loss: 0.169869, Val Loss: 0.164982
2026-03-23 14:40:58,985 - FeatureDistillation - INFO - Platform: Books, Epoch: 14, Train Loss: 0.170572, Val Loss: 0.164001
2026-03-23 14:40:58,996 - FeatureDistillation - INFO - Platform: Books, Epoch: 15, Train Loss: 0.171662, Val Loss: 0.162726
2026-03-23 14:40:59,005 - FeatureDistillation - INFO - Platform: Books, Epoch: 16, Train Loss: 0.169644, Val Loss: 0.162023
2026-03-23 14:40:59,015 - FeatureDistillation - INFO - Platform: Books, Epoch: 17, Train Loss: 0.161997, Val Loss: 0.163520
2026-03-23 14:40:59,022 - FeatureDistillation - INFO - Platform: Books, Epoch: 18, Train Loss: 0.167271, Val Loss: 0.165215
2026-03-23 14:40:59,028 - FeatureDistillation - INFO - Platform: Books, Epoch: 19, Train Loss: 0.165715, Val Loss: 0.164753
2026-03-23 14:40:59,036 - FeatureDistillation - INFO - Platform: Books, Epoch: 20, Train Loss: 0.157949, Val Loss: 0.162884
2026-03-23 14:40:59,042 - FeatureDistillation - INFO - Platform: Books, Epoch: 21, Train Loss: 0.157149, Val Loss: 0.162544
2026-03-23 14:40:59,049 - FeatureDistillation - INFO - Platform: Books, Epoch: 22, Train Loss: 0.152784, Val Loss: 0.163569
2026-03-23 14:40:59,059 - FeatureDistillation - INFO - Platform: Books, Epoch: 23, Train Loss: 0.148854, Val Loss: 0.164325
2026-03-23 14:40:59,065 - FeatureDistillation - INFO - Early stopping at epoch 24 for Books!
2026-03-23 14:40:59,290 - FeatureDistillation - INFO - Platform Books evaluation metrics: {'AUC': 0.8333333333333333, 'F1-score': 0.7058823529411764}
2026-03-23 14:40:59,306 - FeatureDistillation - INFO - Platform: Electronics, Epoch: 1, Train Loss: 0.280763, Val Loss: 0.272344
2026-03-23 14:40:59,320 - FeatureDistillation - INFO - Platform: Electronics, Epoch: 2, Train Loss: 0.274306, Val Loss: 0.265602
2026-03-23 14:40:59,335 - FeatureDistillation - INFO - Platform: Electronics, Epoch: 3, Train Loss: 0.266617, Val Loss: 0.255448
2026-03-23 14:40:59,354 - FeatureDistillation - INFO - Platform: Electronics, Epoch: 4, Train Loss: 0.253644, Val Loss: 0.238672
2026-03-23 14:40:59,366 - FeatureDistillation - INFO - Platform: Electronics, Epoch: 5, Train Loss: 0.234706, Val Loss: 0.213136
2026-03-23 14:40:59,383 - FeatureDistillation - INFO - Platform: Electronics, Epoch: 6, Train Loss: 0.207799, Val Loss: 0.181794
2026-03-23 14:40:59,395 - FeatureDistillation - INFO - Platform: Electronics, Epoch: 7, Train Loss: 0.177184, Val Loss: 0.158226
2026-03-23 14:40:59,415 - FeatureDistillation - INFO - Platform: Electronics, Epoch: 8, Train Loss: 0.164827, Val Loss: 0.152260
2026-03-23 14:40:59,425 - FeatureDistillation - INFO - Platform: Electronics, Epoch: 9, Train Loss: 0.161870, Val Loss: 0.153151
2026-03-23 14:40:59,441 - FeatureDistillation - INFO - Platform: Electronics, Epoch: 10, Train Loss: 0.158977, Val Loss: 0.153189
2026-03-23 14:40:59,457 - FeatureDistillation - INFO - Platform: Electronics, Epoch: 11, Train Loss: 0.161880, Val Loss: 0.152502
2026-03-23 14:40:59,468 - FeatureDistillation - INFO - Platform: Electronics, Epoch: 12, Train Loss: 0.157757, Val Loss: 0.153160
2026-03-23 14:40:59,483 - FeatureDistillation - INFO - Platform: Electronics, Epoch: 13, Train Loss: 0.158213, Val Loss: 0.154475
2026-03-23 14:40:59,492 - FeatureDistillation - INFO - Platform: Electronics, Epoch: 14, Train Loss: 0.161644, Val Loss: 0.154352
2026-03-23 14:40:59,502 - FeatureDistillation - INFO - Platform: Electronics, Epoch: 15, Train Loss: 0.160776, Val Loss: 0.153586
2026-03-23 14:40:59,515 - FeatureDistillation - INFO - Early stopping at epoch 16 for Electronics!
2026-03-23 14:40:59,789 - FeatureDistillation - INFO - Platform Electronics evaluation metrics: {'AUC': 0.576388888888889, 'F1-score': 0.0}
2026-03-23 14:40:59,804 - FeatureDistillation - INFO - Platform: Clothing, Epoch: 1, Train Loss: 0.271611, Val Loss: 0.263880
2026-03-23 14:40:59,822 - FeatureDistillation - INFO - Platform: Clothing, Epoch: 2, Train Loss: 0.266220, Val Loss: 0.257780
2026-03-23 14:40:59,834 - FeatureDistillation - INFO - Platform: Clothing, Epoch: 3, Train Loss: 0.258487, Val Loss: 0.247878
2026-03-23 14:40:59,848 - FeatureDistillation - INFO - Platform: Clothing, Epoch: 4, Train Loss: 0.246837, Val Loss: 0.231550
2026-03-23 14:40:59,869 - FeatureDistillation - INFO - Platform: Clothing, Epoch: 5, Train Loss: 0.228285, Val Loss: 0.207473
2026-03-23 14:40:59,888 - FeatureDistillation - INFO - Platform: Clothing, Epoch: 6, Train Loss: 0.203695, Val Loss: 0.178917
2026-03-23 14:40:59,919 - FeatureDistillation - INFO - Platform: Clothing, Epoch: 7, Train Loss: 0.174024, Val Loss: 0.158138
2026-03-23 14:40:59,937 - FeatureDistillation - INFO - Platform: Clothing, Epoch: 8, Train Loss: 0.156565, Val Loss: 0.151082
2026-03-23 14:40:59,951 - FeatureDistillation - INFO - Platform: Clothing, Epoch: 9, Train Loss: 0.155555, Val Loss: 0.152295
2026-03-23 14:40:59,964 - FeatureDistillation - INFO - Platform: Clothing, Epoch: 10, Train Loss: 0.154123, Val Loss: 0.154813
2026-03-23 14:40:59,975 - FeatureDistillation - INFO - Platform: Clothing, Epoch: 11, Train Loss: 0.152385, Val Loss: 0.153337
2026-03-23 14:40:59,989 - FeatureDistillation - INFO - Platform: Clothing, Epoch: 12, Train Loss: 0.151341, Val Loss: 0.153272
2026-03-23 14:40:59,999 - FeatureDistillation - INFO - Platform: Clothing, Epoch: 13, Train Loss: 0.158234, Val Loss: 0.155917
2026-03-23 14:41:00,010 - FeatureDistillation - INFO - Platform: Clothing, Epoch: 14, Train Loss: 0.162882, Val Loss: 0.156502
2026-03-23 14:41:00,020 - FeatureDistillation - INFO - Platform: Clothing, Epoch: 15, Train Loss: 0.158999, Val Loss: 0.154061
2026-03-23 14:41:00,039 - FeatureDistillation - INFO - Early stopping at epoch 16 for Clothing!
2026-03-23 14:41:00,265 - FeatureDistillation - INFO - Platform Clothing evaluation metrics: {'AUC': 0.40277777777777785, 'F1-score': 0.0}
2026-03-23 14:41:00,265 - FeatureDistillation - INFO - Running hyperparam sensitivity analysis for α=0.9
2026-03-23 14:41:00,277 - FeatureDistillation - INFO - Platform: Books, Epoch: 1, Train Loss: 0.220032, Val Loss: 0.211728
2026-03-23 14:41:00,291 - FeatureDistillation - INFO - Platform: Books, Epoch: 2, Train Loss: 0.215787, Val Loss: 0.207016
2026-03-23 14:41:00,307 - FeatureDistillation - INFO - Platform: Books, Epoch: 3, Train Loss: 0.210792, Val Loss: 0.201743
2026-03-23 14:41:00,317 - FeatureDistillation - INFO - Platform: Books, Epoch: 4, Train Loss: 0.204678, Val Loss: 0.194788
2026-03-23 14:41:00,327 - FeatureDistillation - INFO - Platform: Books, Epoch: 5, Train Loss: 0.197560, Val Loss: 0.185209
2026-03-23 14:41:00,343 - FeatureDistillation - INFO - Platform: Books, Epoch: 6, Train Loss: 0.187582, Val Loss: 0.171779
2026-03-23 14:41:00,356 - FeatureDistillation - INFO - Platform: Books, Epoch: 7, Train Loss: 0.173991, Val Loss: 0.154325
2026-03-23 14:41:00,365 - FeatureDistillation - INFO - Platform: Books, Epoch: 8, Train Loss: 0.156151, Val Loss: 0.134262
2026-03-23 14:41:00,376 - FeatureDistillation - INFO - Platform: Books, Epoch: 9, Train Loss: 0.136806, Val Loss: 0.115959
2026-03-23 14:41:00,389 - FeatureDistillation - INFO - Platform: Books, Epoch: 10, Train Loss: 0.120006, Val Loss: 0.104913
2026-03-23 14:41:00,402 - FeatureDistillation - INFO - Platform: Books, Epoch: 11, Train Loss: 0.108496, Val Loss: 0.102044
2026-03-23 14:41:00,414 - FeatureDistillation - INFO - Platform: Books, Epoch: 12, Train Loss: 0.106047, Val Loss: 0.103227
2026-03-23 14:41:00,421 - FeatureDistillation - INFO - Platform: Books, Epoch: 13, Train Loss: 0.106683, Val Loss: 0.104946
2026-03-23 14:41:00,434 - FeatureDistillation - INFO - Platform: Books, Epoch: 14, Train Loss: 0.108890, Val Loss: 0.105093
2026-03-23 14:41:00,441 - FeatureDistillation - INFO - Platform: Books, Epoch: 15, Train Loss: 0.107463, Val Loss: 0.102235
2026-03-23 14:41:00,456 - FeatureDistillation - INFO - Platform: Books, Epoch: 16, Train Loss: 0.107571, Val Loss: 0.098252
2026-03-23 14:41:00,466 - FeatureDistillation - INFO - Platform: Books, Epoch: 17, Train Loss: 0.100987, Val Loss: 0.095738
2026-03-23 14:41:00,481 - FeatureDistillation - INFO - Platform: Books, Epoch: 18, Train Loss: 0.097744, Val Loss: 0.095045
2026-03-23 14:41:00,492 - FeatureDistillation - INFO - Platform: Books, Epoch: 19, Train Loss: 0.097964, Val Loss: 0.095149
2026-03-23 14:41:00,502 - FeatureDistillation - INFO - Platform: Books, Epoch: 20, Train Loss: 0.103748, Val Loss: 0.094506
2026-03-23 14:41:00,514 - FeatureDistillation - INFO - Platform: Books, Epoch: 21, Train Loss: 0.099890, Val Loss: 0.093269
2026-03-23 14:41:00,524 - FeatureDistillation - INFO - Platform: Books, Epoch: 22, Train Loss: 0.096376, Val Loss: 0.092304
2026-03-23 14:41:00,538 - FeatureDistillation - INFO - Platform: Books, Epoch: 23, Train Loss: 0.097593, Val Loss: 0.091592
2026-03-23 14:41:00,548 - FeatureDistillation - INFO - Platform: Books, Epoch: 24, Train Loss: 0.092020, Val Loss: 0.091047
2026-03-23 14:41:00,561 - FeatureDistillation - INFO - Platform: Books, Epoch: 25, Train Loss: 0.092456, Val Loss: 0.090096
2026-03-23 14:41:00,570 - FeatureDistillation - INFO - Platform: Books, Epoch: 26, Train Loss: 0.094093, Val Loss: 0.088428
2026-03-23 14:41:00,580 - FeatureDistillation - INFO - Platform: Books, Epoch: 27, Train Loss: 0.088282, Val Loss: 0.086683
2026-03-23 14:41:00,591 - FeatureDistillation - INFO - Platform: Books, Epoch: 28, Train Loss: 0.085638, Val Loss: 0.085423
2026-03-23 14:41:00,603 - FeatureDistillation - INFO - Platform: Books, Epoch: 29, Train Loss: 0.084301, Val Loss: 0.084936
2026-03-23 14:41:00,610 - FeatureDistillation - INFO - Platform: Books, Epoch: 30, Train Loss: 0.079418, Val Loss: 0.085040
2026-03-23 14:41:00,619 - FeatureDistillation - INFO - Platform: Books, Epoch: 31, Train Loss: 0.079433, Val Loss: 0.085663
2026-03-23 14:41:00,626 - FeatureDistillation - INFO - Platform: Books, Epoch: 32, Train Loss: 0.077604, Val Loss: 0.086876
2026-03-23 14:41:00,632 - FeatureDistillation - INFO - Platform: Books, Epoch: 33, Train Loss: 0.076034, Val Loss: 0.088327
2026-03-23 14:41:00,642 - FeatureDistillation - INFO - Platform: Books, Epoch: 34, Train Loss: 0.076807, Val Loss: 0.089068
2026-03-23 14:41:00,649 - FeatureDistillation - INFO - Platform: Books, Epoch: 35, Train Loss: 0.076733, Val Loss: 0.089417
2026-03-23 14:41:00,657 - FeatureDistillation - INFO - Platform: Books, Epoch: 36, Train Loss: 0.075692, Val Loss: 0.089668
2026-03-23 14:41:00,666 - FeatureDistillation - INFO - Early stopping at epoch 37 for Books!
2026-03-23 14:41:00,909 - FeatureDistillation - INFO - Platform Books evaluation metrics: {'AUC': 0.8095238095238095, 'F1-score': 0.625}
2026-03-23 14:41:00,926 - FeatureDistillation - INFO - Platform: Electronics, Epoch: 1, Train Loss: 0.227259, Val Loss: 0.217364
2026-03-23 14:41:00,940 - FeatureDistillation - INFO - Platform: Electronics, Epoch: 2, Train Loss: 0.218828, Val Loss: 0.207042
2026-03-23 14:41:00,958 - FeatureDistillation - INFO - Platform: Electronics, Epoch: 3, Train Loss: 0.206400, Val Loss: 0.189545
2026-03-23 14:41:00,971 - FeatureDistillation - INFO - Platform: Electronics, Epoch: 4, Train Loss: 0.184843, Val Loss: 0.161967
2026-03-23 14:41:00,985 - FeatureDistillation - INFO - Platform: Electronics, Epoch: 5, Train Loss: 0.155223, Val Loss: 0.125549
2026-03-23 14:41:00,999 - FeatureDistillation - INFO - Platform: Electronics, Epoch: 6, Train Loss: 0.118379, Val Loss: 0.094881
2026-03-23 14:41:01,012 - FeatureDistillation - INFO - Platform: Electronics, Epoch: 7, Train Loss: 0.099005, Val Loss: 0.085976
2026-03-23 14:41:01,025 - FeatureDistillation - INFO - Platform: Electronics, Epoch: 8, Train Loss: 0.095373, Val Loss: 0.086483
2026-03-23 14:41:01,038 - FeatureDistillation - INFO - Platform: Electronics, Epoch: 9, Train Loss: 0.097032, Val Loss: 0.086777
2026-03-23 14:41:01,050 - FeatureDistillation - INFO - Platform: Electronics, Epoch: 10, Train Loss: 0.095325, Val Loss: 0.084849
2026-03-23 14:41:01,063 - FeatureDistillation - INFO - Platform: Electronics, Epoch: 11, Train Loss: 0.089079, Val Loss: 0.084000
2026-03-23 14:41:01,075 - FeatureDistillation - INFO - Platform: Electronics, Epoch: 12, Train Loss: 0.088674, Val Loss: 0.086306
2026-03-23 14:41:01,086 - FeatureDistillation - INFO - Platform: Electronics, Epoch: 13, Train Loss: 0.090724, Val Loss: 0.087669
2026-03-23 14:41:01,096 - FeatureDistillation - INFO - Platform: Electronics, Epoch: 14, Train Loss: 0.088622, Val Loss: 0.085695
2026-03-23 14:41:01,108 - FeatureDistillation - INFO - Platform: Electronics, Epoch: 15, Train Loss: 0.087556, Val Loss: 0.083483
2026-03-23 14:41:01,123 - FeatureDistillation - INFO - Platform: Electronics, Epoch: 16, Train Loss: 0.086912, Val Loss: 0.082686
2026-03-23 14:41:01,137 - FeatureDistillation - INFO - Platform: Electronics, Epoch: 17, Train Loss: 0.086704, Val Loss: 0.082407
2026-03-23 14:41:01,149 - FeatureDistillation - INFO - Platform: Electronics, Epoch: 18, Train Loss: 0.086676, Val Loss: 0.082237
2026-03-23 14:41:01,163 - FeatureDistillation - INFO - Platform: Electronics, Epoch: 19, Train Loss: 0.086569, Val Loss: 0.082166
2026-03-23 14:41:01,176 - FeatureDistillation - INFO - Platform: Electronics, Epoch: 20, Train Loss: 0.086008, Val Loss: 0.082080
2026-03-23 14:41:01,194 - FeatureDistillation - INFO - Platform: Electronics, Epoch: 21, Train Loss: 0.085027, Val Loss: 0.082063
2026-03-23 14:41:01,206 - FeatureDistillation - INFO - Platform: Electronics, Epoch: 22, Train Loss: 0.086146, Val Loss: 0.081811
2026-03-23 14:41:01,219 - FeatureDistillation - INFO - Platform: Electronics, Epoch: 23, Train Loss: 0.084950, Val Loss: 0.081389
2026-03-23 14:41:01,234 - FeatureDistillation - INFO - Platform: Electronics, Epoch: 24, Train Loss: 0.085082, Val Loss: 0.080955
2026-03-23 14:41:01,246 - FeatureDistillation - INFO - Platform: Electronics, Epoch: 25, Train Loss: 0.084367, Val Loss: 0.080597
2026-03-23 14:41:01,261 - FeatureDistillation - INFO - Platform: Electronics, Epoch: 26, Train Loss: 0.084409, Val Loss: 0.080289
2026-03-23 14:41:01,276 - FeatureDistillation - INFO - Platform: Electronics, Epoch: 27, Train Loss: 0.083435, Val Loss: 0.080068
2026-03-23 14:41:01,292 - FeatureDistillation - INFO - Platform: Electronics, Epoch: 28, Train Loss: 0.083261, Val Loss: 0.079830
2026-03-23 14:41:01,304 - FeatureDistillation - INFO - Platform: Electronics, Epoch: 29, Train Loss: 0.082913, Val Loss: 0.079570
2026-03-23 14:41:01,318 - FeatureDistillation - INFO - Platform: Electronics, Epoch: 30, Train Loss: 0.082528, Val Loss: 0.079308
2026-03-23 14:41:01,332 - FeatureDistillation - INFO - Platform: Electronics, Epoch: 31, Train Loss: 0.081944, Val Loss: 0.078944
2026-03-23 14:41:01,345 - FeatureDistillation - INFO - Platform: Electronics, Epoch: 32, Train Loss: 0.080441, Val Loss: 0.078635
2026-03-23 14:41:01,358 - FeatureDistillation - INFO - Platform: Electronics, Epoch: 33, Train Loss: 0.080758, Val Loss: 0.078136
2026-03-23 14:41:01,370 - FeatureDistillation - INFO - Platform: Electronics, Epoch: 34, Train Loss: 0.079828, Val Loss: 0.077570
2026-03-23 14:41:01,383 - FeatureDistillation - INFO - Platform: Electronics, Epoch: 35, Train Loss: 0.079957, Val Loss: 0.076924
2026-03-23 14:41:01,396 - FeatureDistillation - INFO - Platform: Electronics, Epoch: 36, Train Loss: 0.078312, Val Loss: 0.076436
2026-03-23 14:41:01,409 - FeatureDistillation - INFO - Platform: Electronics, Epoch: 37, Train Loss: 0.077039, Val Loss: 0.076113
2026-03-23 14:41:01,419 - FeatureDistillation - INFO - Platform: Electronics, Epoch: 38, Train Loss: 0.077537, Val Loss: 0.076353
2026-03-23 14:41:01,433 - FeatureDistillation - INFO - Platform: Electronics, Epoch: 39, Train Loss: 0.076976, Val Loss: 0.075809
2026-03-23 14:41:01,447 - FeatureDistillation - INFO - Platform: Electronics, Epoch: 40, Train Loss: 0.075544, Val Loss: 0.075298
2026-03-23 14:41:01,460 - FeatureDistillation - INFO - Platform: Electronics, Epoch: 41, Train Loss: 0.075370, Val Loss: 0.074780
2026-03-23 14:41:01,471 - FeatureDistillation - INFO - Platform: Electronics, Epoch: 42, Train Loss: 0.075213, Val Loss: 0.074851
2026-03-23 14:41:01,482 - FeatureDistillation - INFO - Platform: Electronics, Epoch: 43, Train Loss: 0.074239, Val Loss: 0.075336
2026-03-23 14:41:01,493 - FeatureDistillation - INFO - Platform: Electronics, Epoch: 44, Train Loss: 0.076525, Val Loss: 0.074567
2026-03-23 14:41:01,508 - FeatureDistillation - INFO - Platform: Electronics, Epoch: 45, Train Loss: 0.076753, Val Loss: 0.073755
2026-03-23 14:41:01,522 - FeatureDistillation - INFO - Platform: Electronics, Epoch: 46, Train Loss: 0.074301, Val Loss: 0.073340
2026-03-23 14:41:01,535 - FeatureDistillation - INFO - Platform: Electronics, Epoch: 47, Train Loss: 0.075378, Val Loss: 0.073364
2026-03-23 14:41:01,548 - FeatureDistillation - INFO - Platform: Electronics, Epoch: 48, Train Loss: 0.074762, Val Loss: 0.073628
2026-03-23 14:41:01,561 - FeatureDistillation - INFO - Platform: Electronics, Epoch: 49, Train Loss: 0.073814, Val Loss: 0.073694
2026-03-23 14:41:01,575 - FeatureDistillation - INFO - Platform: Electronics, Epoch: 50, Train Loss: 0.073624, Val Loss: 0.072971
2026-03-23 14:41:01,802 - FeatureDistillation - INFO - Platform Electronics evaluation metrics: {'AUC': 0.625, 'F1-score': 0.6666666666666665}
2026-03-23 14:41:01,817 - FeatureDistillation - INFO - Platform: Clothing, Epoch: 1, Train Loss: 0.213147, Val Loss: 0.201894
2026-03-23 14:41:01,830 - FeatureDistillation - INFO - Platform: Clothing, Epoch: 2, Train Loss: 0.204063, Val Loss: 0.191682
2026-03-23 14:41:01,846 - FeatureDistillation - INFO - Platform: Clothing, Epoch: 3, Train Loss: 0.192519, Val Loss: 0.176379
2026-03-23 14:41:01,858 - FeatureDistillation - INFO - Platform: Clothing, Epoch: 4, Train Loss: 0.175728, Val Loss: 0.153427
2026-03-23 14:41:01,870 - FeatureDistillation - INFO - Platform: Clothing, Epoch: 5, Train Loss: 0.152420, Val Loss: 0.123222
2026-03-23 14:41:01,884 - FeatureDistillation - INFO - Platform: Clothing, Epoch: 6, Train Loss: 0.121164, Val Loss: 0.095364
2026-03-23 14:41:01,895 - FeatureDistillation - INFO - Platform: Clothing, Epoch: 7, Train Loss: 0.096647, Val Loss: 0.084126
2026-03-23 14:41:01,908 - FeatureDistillation - INFO - Platform: Clothing, Epoch: 8, Train Loss: 0.088116, Val Loss: 0.085706
2026-03-23 14:41:01,918 - FeatureDistillation - INFO - Platform: Clothing, Epoch: 9, Train Loss: 0.088967, Val Loss: 0.088069
2026-03-23 14:41:01,931 - FeatureDistillation - INFO - Platform: Clothing, Epoch: 10, Train Loss: 0.089894, Val Loss: 0.086145
2026-03-23 14:41:01,940 - FeatureDistillation - INFO - Platform: Clothing, Epoch: 11, Train Loss: 0.087453, Val Loss: 0.084195
2026-03-23 14:41:01,952 - FeatureDistillation - INFO - Platform: Clothing, Epoch: 12, Train Loss: 0.085855, Val Loss: 0.083626
2026-03-23 14:41:01,963 - FeatureDistillation - INFO - Platform: Clothing, Epoch: 13, Train Loss: 0.086560, Val Loss: 0.084981
2026-03-23 14:41:01,973 - FeatureDistillation - INFO - Platform: Clothing, Epoch: 14, Train Loss: 0.087498, Val Loss: 0.086143
2026-03-23 14:41:01,983 - FeatureDistillation - INFO - Platform: Clothing, Epoch: 15, Train Loss: 0.087914, Val Loss: 0.084890
2026-03-23 14:41:01,996 - FeatureDistillation - INFO - Platform: Clothing, Epoch: 16, Train Loss: 0.085571, Val Loss: 0.083360
2026-03-23 14:41:02,009 - FeatureDistillation - INFO - Platform: Clothing, Epoch: 17, Train Loss: 0.083470, Val Loss: 0.082585
2026-03-23 14:41:02,021 - FeatureDistillation - INFO - Platform: Clothing, Epoch: 18, Train Loss: 0.080761, Val Loss: 0.081730
2026-03-23 14:41:02,034 - FeatureDistillation - INFO - Platform: Clothing, Epoch: 19, Train Loss: 0.083642, Val Loss: 0.081192
2026-03-23 14:41:02,048 - FeatureDistillation - INFO - Platform: Clothing, Epoch: 20, Train Loss: 0.082125, Val Loss: 0.081148
2026-03-23 14:41:02,057 - FeatureDistillation - INFO - Platform: Clothing, Epoch: 21, Train Loss: 0.083940, Val Loss: 0.081533
2026-03-23 14:41:02,067 - FeatureDistillation - INFO - Platform: Clothing, Epoch: 22, Train Loss: 0.083297, Val Loss: 0.081650
2026-03-23 14:41:02,078 - FeatureDistillation - INFO - Platform: Clothing, Epoch: 23, Train Loss: 0.083360, Val Loss: 0.081373
2026-03-23 14:41:02,088 - FeatureDistillation - INFO - Platform: Clothing, Epoch: 24, Train Loss: 0.082381, Val Loss: 0.081195
2026-03-23 14:41:02,099 - FeatureDistillation - INFO - Platform: Clothing, Epoch: 25, Train Loss: 0.084437, Val Loss: 0.081183
2026-03-23 14:41:02,111 - FeatureDistillation - INFO - Platform: Clothing, Epoch: 26, Train Loss: 0.081371, Val Loss: 0.081254
2026-03-23 14:41:02,121 - FeatureDistillation - INFO - Platform: Clothing, Epoch: 27, Train Loss: 0.082219, Val Loss: 0.081218
2026-03-23 14:41:02,132 - FeatureDistillation - INFO - Early stopping at epoch 28 for Clothing!
2026-03-23 14:41:02,356 - FeatureDistillation - INFO - Platform Clothing evaluation metrics: {'AUC': 0.6527777777777778, 'F1-score': 0.6399999999999999}
2026-03-23 14:41:02,358 - FeatureDistillation - INFO - Hyperparameter sensitivity analysis completed!
2026-03-23 14:41:02,358 - FeatureDistillation - INFO - All experiments completed successfully!
2026-03-23 14:41:02,359 - FeatureDistillation - INFO - 
==================================================
2026-03-23 14:41:02,359 - FeatureDistillation - INFO - Main experiment results:
2026-03-23 14:41:02,359 - FeatureDistillation - INFO - ==================================================
2026-03-23 14:41:02,359 - FeatureDistillation - INFO - Platform: Books
2026-03-23 14:41:02,359 - FeatureDistillation - INFO -   - AUC: 0.8571
2026-03-23 14:41:02,359 - FeatureDistillation - INFO -   - F1-score: 0.6250
2026-03-23 14:41:02,359 - FeatureDistillation - INFO - Platform: Electronics
2026-03-23 14:41:02,359 - FeatureDistillation - INFO -   - AUC: 0.6250
2026-03-23 14:41:02,360 - FeatureDistillation - INFO -   - F1-score: 0.4211
2026-03-23 14:41:02,360 - FeatureDistillation - INFO - Platform: Clothing
2026-03-23 14:41:02,360 - FeatureDistillation - INFO -   - AUC: 0.6667
2026-03-23 14:41:02,360 - FeatureDistillation - INFO -   - F1-score: 0.6667
2026-03-23 14:41:02,360 - FeatureDistillation - INFO - 
MMD matrix between platforms:
2026-03-23 14:41:02,360 - FeatureDistillation - INFO - [[0.         1.01535022 1.5047667 ]
 [1.01535022 0.         1.21907496]
 [1.5047667  1.21907496 0.        ]]
2026-03-23 14:41:02,361 - FeatureDistillation - INFO - 
All experiments finished! Results saved in ./results directory.
2026-03-23 14:46:07,146 - FeatureDistillation - INFO - ==================================================
2026-03-23 14:46:07,147 - FeatureDistillation - INFO - Starting feature distillation experiment for cross-platform recommendation...
2026-03-23 14:46:07,147 - FeatureDistillation - INFO - ==================================================
2026-03-23 14:46:11,967 - FeatureDistillation - INFO - 从Books_5.json.gz读取到 550000 条有效记录（指定最大行数：550000）
2026-03-23 14:46:14,401 - FeatureDistillation - INFO - Books平台数据采样：549920条 → 274960条（采样比例0.5）
2026-03-23 14:46:14,401 - FeatureDistillation - INFO - Books平台最终加载：274960条有效数据（仅读取全量的0.55M行）
2026-03-23 14:46:18,374 - FeatureDistillation - INFO - 从Electronics_5.json.gz读取到 550000 条有效记录（指定最大行数：550000）
2026-03-23 14:46:20,767 - FeatureDistillation - INFO - Electronics平台数据采样：549941条 → 274970条（采样比例0.5）
2026-03-23 14:46:20,767 - FeatureDistillation - INFO - Electronics平台最终加载：274970条有效数据（仅读取全量的0.55M行）
2026-03-23 14:46:23,999 - FeatureDistillation - INFO - 从Clothing_Shoes_and_Jewelry_5.json.gz读取到 550000 条有效记录（指定最大行数：550000）
2026-03-23 14:46:26,356 - FeatureDistillation - INFO - Clothing平台数据采样：549599条 → 274800条（采样比例0.5）
2026-03-23 14:46:26,357 - FeatureDistillation - INFO - Clothing平台最终加载：274800条有效数据（仅读取全量的0.55M行）
2026-03-23 14:47:11,364 - FeatureDistillation - INFO - ==================================================
2026-03-23 14:47:11,364 - FeatureDistillation - INFO - Starting feature distillation experiment for cross-platform recommendation...
2026-03-23 14:47:11,364 - FeatureDistillation - INFO - ==================================================
2026-03-23 14:47:11,764 - FeatureDistillation - INFO - 从Books_5.json.gz读取到 50000 条有效记录（指定最大行数：50000）
2026-03-23 14:47:11,897 - FeatureDistillation - INFO - Books平台数据采样：49992条 → 24996条（采样比例0.5）
2026-03-23 14:47:11,897 - FeatureDistillation - INFO - Books平台最终加载：24996条有效数据（仅读取全量的0.05M行）
2026-03-23 14:47:12,249 - FeatureDistillation - INFO - 从Electronics_5.json.gz读取到 50000 条有效记录（指定最大行数：50000）
2026-03-23 14:47:12,412 - FeatureDistillation - INFO - Electronics平台数据采样：49992条 → 24996条（采样比例0.5）
2026-03-23 14:47:12,413 - FeatureDistillation - INFO - Electronics平台最终加载：24996条有效数据（仅读取全量的0.05M行）
2026-03-23 14:47:12,648 - FeatureDistillation - INFO - 从Clothing_Shoes_and_Jewelry_5.json.gz读取到 50000 条有效记录（指定最大行数：50000）
2026-03-23 14:47:12,824 - FeatureDistillation - INFO - Clothing平台数据采样：49947条 → 24974条（采样比例0.5）
2026-03-23 14:47:12,824 - FeatureDistillation - INFO - Clothing平台最终加载：24974条有效数据（仅读取全量的0.05M行）
2026-03-23 14:47:14,934 - FeatureDistillation - INFO - Books平台预处理完成：
2026-03-23 14:47:14,934 - FeatureDistillation - INFO -   - 特征维度：6 | 样本量：4102
2026-03-23 14:47:14,934 - FeatureDistillation - INFO -   - 正样本：2051 | 负样本：2051
2026-03-23 14:47:16,321 - FeatureDistillation - INFO - Electronics平台预处理完成：
2026-03-23 14:47:16,321 - FeatureDistillation - INFO -   - 特征维度：7 | 样本量：4440
2026-03-23 14:47:16,321 - FeatureDistillation - INFO -   - 正样本：2220 | 负样本：2220
2026-03-23 14:47:17,164 - FeatureDistillation - INFO - Clothing平台预处理完成：
2026-03-23 14:47:17,164 - FeatureDistillation - INFO -   - 特征维度：5 | 样本量：4416
2026-03-23 14:47:17,164 - FeatureDistillation - INFO -   - 正样本：2208 | 负样本：2208
2026-03-23 14:47:17,170 - FeatureDistillation - INFO - Books平台数据集划分：
2026-03-23 14:47:17,170 - FeatureDistillation - INFO -   - 训练集：(3281, 6) | 验证集：(410, 6) | 测试集：(411, 6)
2026-03-23 14:47:17,170 - FeatureDistillation - INFO - Electronics平台数据集划分：
2026-03-23 14:47:17,170 - FeatureDistillation - INFO -   - 训练集：(3552, 7) | 验证集：(444, 7) | 测试集：(444, 7)
2026-03-23 14:47:17,176 - FeatureDistillation - INFO - Clothing平台数据集划分：
2026-03-23 14:47:17,176 - FeatureDistillation - INFO -   - 训练集：(3532, 5) | 验证集：(442, 5) | 测试集：(442, 5)
2026-03-23 14:47:17,176 - FeatureDistillation - INFO - 跨平台用户ID统一完成：总唯一用户数 = 12593
2026-03-23 14:47:17,195 - FeatureDistillation - INFO - Using device: cuda
2026-03-23 14:47:17,263 - FeatureDistillation - INFO - Training model for Books...
2026-03-23 14:47:19,089 - FeatureDistillation - INFO - Platform: Books, Epoch: 1, Train Loss: 0.254921, Val Loss: 0.202730
2026-03-23 14:47:19,255 - FeatureDistillation - INFO - Platform: Books, Epoch: 2, Train Loss: 0.201763, Val Loss: 0.197622
2026-03-23 14:47:19,419 - FeatureDistillation - INFO - Platform: Books, Epoch: 3, Train Loss: 0.197636, Val Loss: 0.195937
2026-03-23 14:47:19,576 - FeatureDistillation - INFO - Platform: Books, Epoch: 4, Train Loss: 0.195699, Val Loss: 0.194783
2026-03-23 14:47:19,734 - FeatureDistillation - INFO - Platform: Books, Epoch: 5, Train Loss: 0.194452, Val Loss: 0.199983
2026-03-23 14:47:19,891 - FeatureDistillation - INFO - Platform: Books, Epoch: 6, Train Loss: 0.193204, Val Loss: 0.195406
2026-03-23 14:47:20,054 - FeatureDistillation - INFO - Platform: Books, Epoch: 7, Train Loss: 0.190497, Val Loss: 0.194258
2026-03-23 14:47:20,224 - FeatureDistillation - INFO - Platform: Books, Epoch: 8, Train Loss: 0.192050, Val Loss: 0.193453
2026-03-23 14:47:20,382 - FeatureDistillation - INFO - Platform: Books, Epoch: 9, Train Loss: 0.190750, Val Loss: 0.193292
2026-03-23 14:47:20,552 - FeatureDistillation - INFO - Platform: Books, Epoch: 10, Train Loss: 0.190761, Val Loss: 0.193277
2026-03-23 14:47:20,716 - FeatureDistillation - INFO - Platform: Books, Epoch: 11, Train Loss: 0.189459, Val Loss: 0.193297
2026-03-23 14:47:20,879 - FeatureDistillation - INFO - Platform: Books, Epoch: 12, Train Loss: 0.190804, Val Loss: 0.193663
2026-03-23 14:47:21,042 - FeatureDistillation - INFO - Platform: Books, Epoch: 13, Train Loss: 0.190365, Val Loss: 0.193888
2026-03-23 14:47:21,206 - FeatureDistillation - INFO - Platform: Books, Epoch: 14, Train Loss: 0.189773, Val Loss: 0.193498
2026-03-23 14:47:21,364 - FeatureDistillation - INFO - Platform: Books, Epoch: 15, Train Loss: 0.189235, Val Loss: 0.195766
2026-03-23 14:47:21,527 - FeatureDistillation - INFO - Platform: Books, Epoch: 16, Train Loss: 0.189612, Val Loss: 0.193095
2026-03-23 14:47:21,691 - FeatureDistillation - INFO - Platform: Books, Epoch: 17, Train Loss: 0.189598, Val Loss: 0.192741
2026-03-23 14:47:21,855 - FeatureDistillation - INFO - Platform: Books, Epoch: 18, Train Loss: 0.189864, Val Loss: 0.192604
2026-03-23 14:47:22,018 - FeatureDistillation - INFO - Platform: Books, Epoch: 19, Train Loss: 0.189105, Val Loss: 0.192947
2026-03-23 14:47:22,158 - FeatureDistillation - INFO - Platform: Books, Epoch: 20, Train Loss: 0.189027, Val Loss: 0.192881
2026-03-23 14:47:22,303 - FeatureDistillation - INFO - Platform: Books, Epoch: 21, Train Loss: 0.188364, Val Loss: 0.192783
2026-03-23 14:47:22,467 - FeatureDistillation - INFO - Platform: Books, Epoch: 22, Train Loss: 0.187346, Val Loss: 0.193312
2026-03-23 14:47:22,630 - FeatureDistillation - INFO - Platform: Books, Epoch: 23, Train Loss: 0.188509, Val Loss: 0.192888
2026-03-23 14:47:22,794 - FeatureDistillation - INFO - Platform: Books, Epoch: 24, Train Loss: 0.188764, Val Loss: 0.192989
2026-03-23 14:47:22,964 - FeatureDistillation - INFO - Platform: Books, Epoch: 25, Train Loss: 0.189406, Val Loss: 0.192252
2026-03-23 14:47:23,127 - FeatureDistillation - INFO - Platform: Books, Epoch: 26, Train Loss: 0.188237, Val Loss: 0.192349
2026-03-23 14:47:23,291 - FeatureDistillation - INFO - Platform: Books, Epoch: 27, Train Loss: 0.188212, Val Loss: 0.192555
2026-03-23 14:47:23,455 - FeatureDistillation - INFO - Platform: Books, Epoch: 28, Train Loss: 0.187705, Val Loss: 0.192395
2026-03-23 14:47:23,612 - FeatureDistillation - INFO - Platform: Books, Epoch: 29, Train Loss: 0.188284, Val Loss: 0.192308
2026-03-23 14:47:23,781 - FeatureDistillation - INFO - Platform: Books, Epoch: 30, Train Loss: 0.187326, Val Loss: 0.192333
2026-03-23 14:47:23,933 - FeatureDistillation - INFO - Platform: Books, Epoch: 31, Train Loss: 0.187744, Val Loss: 0.192126
2026-03-23 14:47:24,115 - FeatureDistillation - INFO - Platform: Books, Epoch: 32, Train Loss: 0.187912, Val Loss: 0.192214
2026-03-23 14:47:24,315 - FeatureDistillation - INFO - Platform: Books, Epoch: 33, Train Loss: 0.188531, Val Loss: 0.192448
2026-03-23 14:47:24,491 - FeatureDistillation - INFO - Platform: Books, Epoch: 34, Train Loss: 0.187739, Val Loss: 0.192033
2026-03-23 14:47:24,631 - FeatureDistillation - INFO - Platform: Books, Epoch: 35, Train Loss: 0.188032, Val Loss: 0.192409
2026-03-23 14:47:24,793 - FeatureDistillation - INFO - Platform: Books, Epoch: 36, Train Loss: 0.187652, Val Loss: 0.192560
2026-03-23 14:47:24,939 - FeatureDistillation - INFO - Platform: Books, Epoch: 37, Train Loss: 0.187478, Val Loss: 0.192688
2026-03-23 14:47:25,109 - FeatureDistillation - INFO - Platform: Books, Epoch: 38, Train Loss: 0.187961, Val Loss: 0.191969
2026-03-23 14:47:25,267 - FeatureDistillation - INFO - Platform: Books, Epoch: 39, Train Loss: 0.187281, Val Loss: 0.192277
2026-03-23 14:47:25,412 - FeatureDistillation - INFO - Platform: Books, Epoch: 40, Train Loss: 0.188149, Val Loss: 0.192224
2026-03-23 14:47:25,557 - FeatureDistillation - INFO - Platform: Books, Epoch: 41, Train Loss: 0.188524, Val Loss: 0.191988
2026-03-23 14:47:25,721 - FeatureDistillation - INFO - Platform: Books, Epoch: 42, Train Loss: 0.187583, Val Loss: 0.191690
2026-03-23 14:47:25,872 - FeatureDistillation - INFO - Platform: Books, Epoch: 43, Train Loss: 0.187506, Val Loss: 0.191653
2026-03-23 14:47:26,042 - FeatureDistillation - INFO - Platform: Books, Epoch: 44, Train Loss: 0.187819, Val Loss: 0.191579
2026-03-23 14:47:26,200 - FeatureDistillation - INFO - Platform: Books, Epoch: 45, Train Loss: 0.187794, Val Loss: 0.192018
2026-03-23 14:47:26,357 - FeatureDistillation - INFO - Platform: Books, Epoch: 46, Train Loss: 0.187642, Val Loss: 0.191877
2026-03-23 14:47:26,509 - FeatureDistillation - INFO - Platform: Books, Epoch: 47, Train Loss: 0.186515, Val Loss: 0.192934
2026-03-23 14:47:26,667 - FeatureDistillation - INFO - Platform: Books, Epoch: 48, Train Loss: 0.187845, Val Loss: 0.191760
2026-03-23 14:47:26,819 - FeatureDistillation - INFO - Platform: Books, Epoch: 49, Train Loss: 0.187305, Val Loss: 0.191982
2026-03-23 14:47:26,970 - FeatureDistillation - INFO - Platform: Books, Epoch: 50, Train Loss: 0.188222, Val Loss: 0.191857
2026-03-23 14:47:27,302 - FeatureDistillation - INFO - Platform Books evaluation metrics: {'AUC': 0.7014918304522849, 'F1-score': 0.6424870466321243}
2026-03-23 14:47:27,302 - FeatureDistillation - INFO - Training model for Electronics...
2026-03-23 14:47:27,509 - FeatureDistillation - INFO - Platform: Electronics, Epoch: 1, Train Loss: 0.237466, Val Loss: 0.214635
2026-03-23 14:47:27,721 - FeatureDistillation - INFO - Platform: Electronics, Epoch: 2, Train Loss: 0.206237, Val Loss: 0.191448
2026-03-23 14:47:27,927 - FeatureDistillation - INFO - Platform: Electronics, Epoch: 3, Train Loss: 0.195770, Val Loss: 0.185771
2026-03-23 14:47:28,127 - FeatureDistillation - INFO - Platform: Electronics, Epoch: 4, Train Loss: 0.193322, Val Loss: 0.186077
2026-03-23 14:47:28,327 - FeatureDistillation - INFO - Platform: Electronics, Epoch: 5, Train Loss: 0.192461, Val Loss: 0.184802
2026-03-23 14:47:28,533 - FeatureDistillation - INFO - Platform: Electronics, Epoch: 6, Train Loss: 0.189173, Val Loss: 0.183039
2026-03-23 14:47:28,745 - FeatureDistillation - INFO - Platform: Electronics, Epoch: 7, Train Loss: 0.187681, Val Loss: 0.182772
2026-03-23 14:47:28,951 - FeatureDistillation - INFO - Platform: Electronics, Epoch: 8, Train Loss: 0.187890, Val Loss: 0.186129
2026-03-23 14:47:29,157 - FeatureDistillation - INFO - Platform: Electronics, Epoch: 9, Train Loss: 0.187932, Val Loss: 0.180775
2026-03-23 14:47:29,358 - FeatureDistillation - INFO - Platform: Electronics, Epoch: 10, Train Loss: 0.186896, Val Loss: 0.181609
2026-03-23 14:47:29,569 - FeatureDistillation - INFO - Platform: Electronics, Epoch: 11, Train Loss: 0.186261, Val Loss: 0.181662
2026-03-23 14:47:29,769 - FeatureDistillation - INFO - Platform: Electronics, Epoch: 12, Train Loss: 0.185398, Val Loss: 0.179371
2026-03-23 14:47:29,975 - FeatureDistillation - INFO - Platform: Electronics, Epoch: 13, Train Loss: 0.185960, Val Loss: 0.179256
2026-03-23 14:47:30,179 - FeatureDistillation - INFO - Platform: Electronics, Epoch: 14, Train Loss: 0.185087, Val Loss: 0.179107
2026-03-23 14:47:30,377 - FeatureDistillation - INFO - Platform: Electronics, Epoch: 15, Train Loss: 0.183870, Val Loss: 0.178683
2026-03-23 14:47:30,588 - FeatureDistillation - INFO - Platform: Electronics, Epoch: 16, Train Loss: 0.183616, Val Loss: 0.182299
2026-03-23 14:47:30,788 - FeatureDistillation - INFO - Platform: Electronics, Epoch: 17, Train Loss: 0.183018, Val Loss: 0.179451
2026-03-23 14:47:30,987 - FeatureDistillation - INFO - Platform: Electronics, Epoch: 18, Train Loss: 0.181316, Val Loss: 0.176991
2026-03-23 14:47:31,187 - FeatureDistillation - INFO - Platform: Electronics, Epoch: 19, Train Loss: 0.182018, Val Loss: 0.177539
2026-03-23 14:47:31,394 - FeatureDistillation - INFO - Platform: Electronics, Epoch: 20, Train Loss: 0.181696, Val Loss: 0.177392
2026-03-23 14:47:31,594 - FeatureDistillation - INFO - Platform: Electronics, Epoch: 21, Train Loss: 0.181428, Val Loss: 0.180440
2026-03-23 14:47:31,806 - FeatureDistillation - INFO - Platform: Electronics, Epoch: 22, Train Loss: 0.182037, Val Loss: 0.177312
2026-03-23 14:47:32,002 - FeatureDistillation - INFO - Platform: Electronics, Epoch: 23, Train Loss: 0.181676, Val Loss: 0.179186
2026-03-23 14:47:32,206 - FeatureDistillation - INFO - Platform: Electronics, Epoch: 24, Train Loss: 0.182392, Val Loss: 0.176999
2026-03-23 14:47:32,411 - FeatureDistillation - INFO - Platform: Electronics, Epoch: 25, Train Loss: 0.180562, Val Loss: 0.176600
2026-03-23 14:47:32,606 - FeatureDistillation - INFO - Platform: Electronics, Epoch: 26, Train Loss: 0.179375, Val Loss: 0.178140
2026-03-23 14:47:32,824 - FeatureDistillation - INFO - Platform: Electronics, Epoch: 27, Train Loss: 0.180362, Val Loss: 0.177041
2026-03-23 14:47:33,024 - FeatureDistillation - INFO - Platform: Electronics, Epoch: 28, Train Loss: 0.179121, Val Loss: 0.177067
2026-03-23 14:47:33,224 - FeatureDistillation - INFO - Platform: Electronics, Epoch: 29, Train Loss: 0.179640, Val Loss: 0.177292
2026-03-23 14:47:33,424 - FeatureDistillation - INFO - Platform: Electronics, Epoch: 30, Train Loss: 0.177865, Val Loss: 0.177677
2026-03-23 14:47:33,630 - FeatureDistillation - INFO - Platform: Electronics, Epoch: 31, Train Loss: 0.178419, Val Loss: 0.177112
2026-03-23 14:47:33,842 - FeatureDistillation - INFO - Platform: Electronics, Epoch: 32, Train Loss: 0.177997, Val Loss: 0.176618
2026-03-23 14:47:34,048 - FeatureDistillation - INFO - Platform: Electronics, Epoch: 33, Train Loss: 0.178138, Val Loss: 0.176570
2026-03-23 14:47:34,236 - FeatureDistillation - INFO - Platform: Electronics, Epoch: 34, Train Loss: 0.177683, Val Loss: 0.178208
2026-03-23 14:47:34,448 - FeatureDistillation - INFO - Platform: Electronics, Epoch: 35, Train Loss: 0.177777, Val Loss: 0.176769
2026-03-23 14:47:34,672 - FeatureDistillation - INFO - Platform: Electronics, Epoch: 36, Train Loss: 0.177236, Val Loss: 0.177760
2026-03-23 14:47:34,896 - FeatureDistillation - INFO - Platform: Electronics, Epoch: 37, Train Loss: 0.178219, Val Loss: 0.177378
2026-03-23 14:47:35,121 - FeatureDistillation - INFO - Platform: Electronics, Epoch: 38, Train Loss: 0.177226, Val Loss: 0.176821
2026-03-23 14:47:35,345 - FeatureDistillation - INFO - Platform: Electronics, Epoch: 39, Train Loss: 0.177937, Val Loss: 0.176690
2026-03-23 14:47:35,575 - FeatureDistillation - INFO - Platform: Electronics, Epoch: 40, Train Loss: 0.176861, Val Loss: 0.176715
2026-03-23 14:47:35,793 - FeatureDistillation - INFO - Early stopping at epoch 41 for Electronics!
2026-03-23 14:47:36,066 - FeatureDistillation - INFO - Platform Electronics evaluation metrics: {'AUC': 0.7409098287476666, 'F1-score': 0.6541176470588236}
2026-03-23 14:47:36,066 - FeatureDistillation - INFO - Training model for Clothing...
2026-03-23 14:47:36,333 - FeatureDistillation - INFO - Platform: Clothing, Epoch: 1, Train Loss: 0.243621, Val Loss: 0.215267
2026-03-23 14:47:36,582 - FeatureDistillation - INFO - Platform: Clothing, Epoch: 2, Train Loss: 0.215559, Val Loss: 0.207129
2026-03-23 14:47:36,852 - FeatureDistillation - INFO - Platform: Clothing, Epoch: 3, Train Loss: 0.209760, Val Loss: 0.201219
2026-03-23 14:47:37,125 - FeatureDistillation - INFO - Platform: Clothing, Epoch: 4, Train Loss: 0.205467, Val Loss: 0.197379
2026-03-23 14:47:37,393 - FeatureDistillation - INFO - Platform: Clothing, Epoch: 5, Train Loss: 0.203937, Val Loss: 0.197580
2026-03-23 14:47:37,630 - FeatureDistillation - INFO - Platform: Clothing, Epoch: 6, Train Loss: 0.203413, Val Loss: 0.197552
2026-03-23 14:47:37,897 - FeatureDistillation - INFO - Platform: Clothing, Epoch: 7, Train Loss: 0.203450, Val Loss: 0.196147
2026-03-23 14:47:38,175 - FeatureDistillation - INFO - Platform: Clothing, Epoch: 8, Train Loss: 0.202937, Val Loss: 0.195622
2026-03-23 14:47:38,430 - FeatureDistillation - INFO - Platform: Clothing, Epoch: 9, Train Loss: 0.203408, Val Loss: 0.196679
2026-03-23 14:47:38,697 - FeatureDistillation - INFO - Platform: Clothing, Epoch: 10, Train Loss: 0.202451, Val Loss: 0.195330
2026-03-23 14:47:38,945 - FeatureDistillation - INFO - Platform: Clothing, Epoch: 11, Train Loss: 0.202583, Val Loss: 0.195491
2026-03-23 14:47:39,194 - FeatureDistillation - INFO - Platform: Clothing, Epoch: 12, Train Loss: 0.202463, Val Loss: 0.195477
2026-03-23 14:47:39,454 - FeatureDistillation - INFO - Platform: Clothing, Epoch: 13, Train Loss: 0.202344, Val Loss: 0.197086
2026-03-23 14:47:39,690 - FeatureDistillation - INFO - Platform: Clothing, Epoch: 14, Train Loss: 0.202370, Val Loss: 0.195536
2026-03-23 14:47:39,939 - FeatureDistillation - INFO - Platform: Clothing, Epoch: 15, Train Loss: 0.201599, Val Loss: 0.194991
2026-03-23 14:47:40,193 - FeatureDistillation - INFO - Platform: Clothing, Epoch: 16, Train Loss: 0.201335, Val Loss: 0.195902
2026-03-23 14:47:40,454 - FeatureDistillation - INFO - Platform: Clothing, Epoch: 17, Train Loss: 0.201711, Val Loss: 0.196552
2026-03-23 14:47:40,702 - FeatureDistillation - INFO - Platform: Clothing, Epoch: 18, Train Loss: 0.201674, Val Loss: 0.195590
2026-03-23 14:47:40,945 - FeatureDistillation - INFO - Platform: Clothing, Epoch: 19, Train Loss: 0.201379, Val Loss: 0.195944
2026-03-23 14:47:41,181 - FeatureDistillation - INFO - Platform: Clothing, Epoch: 20, Train Loss: 0.201152, Val Loss: 0.195317
2026-03-23 14:47:41,429 - FeatureDistillation - INFO - Platform: Clothing, Epoch: 21, Train Loss: 0.201411, Val Loss: 0.195199
2026-03-23 14:47:41,690 - FeatureDistillation - INFO - Platform: Clothing, Epoch: 22, Train Loss: 0.200441, Val Loss: 0.194719
2026-03-23 14:47:41,951 - FeatureDistillation - INFO - Platform: Clothing, Epoch: 23, Train Loss: 0.200717, Val Loss: 0.195336
2026-03-23 14:47:42,199 - FeatureDistillation - INFO - Platform: Clothing, Epoch: 24, Train Loss: 0.200499, Val Loss: 0.195103
2026-03-23 14:47:42,496 - FeatureDistillation - INFO - Platform: Clothing, Epoch: 25, Train Loss: 0.200880, Val Loss: 0.194968
2026-03-23 14:47:42,787 - FeatureDistillation - INFO - Platform: Clothing, Epoch: 26, Train Loss: 0.200543, Val Loss: 0.194599
2026-03-23 14:47:43,078 - FeatureDistillation - INFO - Platform: Clothing, Epoch: 27, Train Loss: 0.200492, Val Loss: 0.194939
2026-03-23 14:47:43,345 - FeatureDistillation - INFO - Platform: Clothing, Epoch: 28, Train Loss: 0.200124, Val Loss: 0.195501
2026-03-23 14:47:43,672 - FeatureDistillation - INFO - Platform: Clothing, Epoch: 29, Train Loss: 0.200563, Val Loss: 0.194927
2026-03-23 14:47:43,971 - FeatureDistillation - INFO - Platform: Clothing, Epoch: 30, Train Loss: 0.200725, Val Loss: 0.196069
2026-03-23 14:47:44,290 - FeatureDistillation - INFO - Platform: Clothing, Epoch: 31, Train Loss: 0.200731, Val Loss: 0.195019
2026-03-23 14:47:44,605 - FeatureDistillation - INFO - Platform: Clothing, Epoch: 32, Train Loss: 0.200182, Val Loss: 0.194983
2026-03-23 14:47:44,909 - FeatureDistillation - INFO - Platform: Clothing, Epoch: 33, Train Loss: 0.199666, Val Loss: 0.195293
2026-03-23 14:47:45,217 - FeatureDistillation - INFO - Early stopping at epoch 34 for Clothing!
2026-03-23 14:47:45,447 - FeatureDistillation - INFO - Platform Clothing evaluation metrics: {'AUC': 0.6753137732642658, 'F1-score': 0.6182669789227166}
2026-03-23 14:47:45,661 - FeatureDistillation - INFO - Running ablation experiment: Full Model
2026-03-23 14:47:45,854 - FeatureDistillation - INFO - Platform: Books, Epoch: 1, Train Loss: 0.251545, Val Loss: 0.204526
2026-03-23 14:47:46,059 - FeatureDistillation - INFO - Platform: Books, Epoch: 2, Train Loss: 0.201738, Val Loss: 0.195769
2026-03-23 14:47:46,266 - FeatureDistillation - INFO - Platform: Books, Epoch: 3, Train Loss: 0.196870, Val Loss: 0.196228
2026-03-23 14:47:46,460 - FeatureDistillation - INFO - Platform: Books, Epoch: 4, Train Loss: 0.195724, Val Loss: 0.198915
2026-03-23 14:47:46,647 - FeatureDistillation - INFO - Platform: Books, Epoch: 5, Train Loss: 0.194091, Val Loss: 0.196064
2026-03-23 14:47:46,853 - FeatureDistillation - INFO - Platform: Books, Epoch: 6, Train Loss: 0.192321, Val Loss: 0.193795
2026-03-23 14:47:47,059 - FeatureDistillation - INFO - Platform: Books, Epoch: 7, Train Loss: 0.191053, Val Loss: 0.194648
2026-03-23 14:47:47,266 - FeatureDistillation - INFO - Platform: Books, Epoch: 8, Train Loss: 0.190517, Val Loss: 0.194310
2026-03-23 14:47:47,463 - FeatureDistillation - INFO - Platform: Books, Epoch: 9, Train Loss: 0.191406, Val Loss: 0.193502
2026-03-23 14:47:47,665 - FeatureDistillation - INFO - Platform: Books, Epoch: 10, Train Loss: 0.192221, Val Loss: 0.198556
2026-03-23 14:47:47,866 - FeatureDistillation - INFO - Platform: Books, Epoch: 11, Train Loss: 0.191474, Val Loss: 0.193917
2026-03-23 14:47:48,078 - FeatureDistillation - INFO - Platform: Books, Epoch: 12, Train Loss: 0.191051, Val Loss: 0.194236
2026-03-23 14:47:48,278 - FeatureDistillation - INFO - Platform: Books, Epoch: 13, Train Loss: 0.189235, Val Loss: 0.192418
2026-03-23 14:47:48,472 - FeatureDistillation - INFO - Platform: Books, Epoch: 14, Train Loss: 0.188296, Val Loss: 0.194600
2026-03-23 14:47:48,666 - FeatureDistillation - INFO - Platform: Books, Epoch: 15, Train Loss: 0.190076, Val Loss: 0.192942
2026-03-23 14:47:48,859 - FeatureDistillation - INFO - Platform: Books, Epoch: 16, Train Loss: 0.190099, Val Loss: 0.193264
2026-03-23 14:47:49,053 - FeatureDistillation - INFO - Platform: Books, Epoch: 17, Train Loss: 0.189889, Val Loss: 0.193413
2026-03-23 14:47:49,235 - FeatureDistillation - INFO - Platform: Books, Epoch: 18, Train Loss: 0.189731, Val Loss: 0.192181
2026-03-23 14:47:49,435 - FeatureDistillation - INFO - Platform: Books, Epoch: 19, Train Loss: 0.189150, Val Loss: 0.192981
2026-03-23 14:47:49,641 - FeatureDistillation - INFO - Platform: Books, Epoch: 20, Train Loss: 0.188666, Val Loss: 0.192246
2026-03-23 14:47:49,842 - FeatureDistillation - INFO - Platform: Books, Epoch: 21, Train Loss: 0.188656, Val Loss: 0.193162
2026-03-23 14:47:50,053 - FeatureDistillation - INFO - Platform: Books, Epoch: 22, Train Loss: 0.188228, Val Loss: 0.193595
2026-03-23 14:47:50,247 - FeatureDistillation - INFO - Platform: Books, Epoch: 23, Train Loss: 0.188965, Val Loss: 0.191936
2026-03-23 14:47:50,429 - FeatureDistillation - INFO - Platform: Books, Epoch: 24, Train Loss: 0.188579, Val Loss: 0.192342
2026-03-23 14:47:50,605 - FeatureDistillation - INFO - Platform: Books, Epoch: 25, Train Loss: 0.189196, Val Loss: 0.192144
2026-03-23 14:47:50,781 - FeatureDistillation - INFO - Platform: Books, Epoch: 26, Train Loss: 0.188625, Val Loss: 0.192386
2026-03-23 14:47:50,976 - FeatureDistillation - INFO - Platform: Books, Epoch: 27, Train Loss: 0.188543, Val Loss: 0.192488
2026-03-23 14:47:51,168 - FeatureDistillation - INFO - Platform: Books, Epoch: 28, Train Loss: 0.189100, Val Loss: 0.192007
2026-03-23 14:47:51,360 - FeatureDistillation - INFO - Platform: Books, Epoch: 29, Train Loss: 0.188069, Val Loss: 0.193470
2026-03-23 14:47:51,550 - FeatureDistillation - INFO - Platform: Books, Epoch: 30, Train Loss: 0.188477, Val Loss: 0.192226
2026-03-23 14:47:51,750 - FeatureDistillation - INFO - Platform: Books, Epoch: 31, Train Loss: 0.187498, Val Loss: 0.191817
2026-03-23 14:47:51,950 - FeatureDistillation - INFO - Platform: Books, Epoch: 32, Train Loss: 0.187952, Val Loss: 0.191253
2026-03-23 14:47:52,138 - FeatureDistillation - INFO - Platform: Books, Epoch: 33, Train Loss: 0.187945, Val Loss: 0.191502
2026-03-23 14:47:52,343 - FeatureDistillation - INFO - Platform: Books, Epoch: 34, Train Loss: 0.187120, Val Loss: 0.191039
2026-03-23 14:47:52,535 - FeatureDistillation - INFO - Platform: Books, Epoch: 35, Train Loss: 0.187525, Val Loss: 0.190920
2026-03-23 14:47:52,720 - FeatureDistillation - INFO - Platform: Books, Epoch: 36, Train Loss: 0.187324, Val Loss: 0.191540
2026-03-23 14:47:52,915 - FeatureDistillation - INFO - Platform: Books, Epoch: 37, Train Loss: 0.187370, Val Loss: 0.191109
2026-03-23 14:47:53,115 - FeatureDistillation - INFO - Platform: Books, Epoch: 38, Train Loss: 0.187794, Val Loss: 0.190999
2026-03-23 14:47:53,314 - FeatureDistillation - INFO - Platform: Books, Epoch: 39, Train Loss: 0.187850, Val Loss: 0.191135
2026-03-23 14:47:53,517 - FeatureDistillation - INFO - Platform: Books, Epoch: 40, Train Loss: 0.187385, Val Loss: 0.190851
2026-03-23 14:47:53,708 - FeatureDistillation - INFO - Platform: Books, Epoch: 41, Train Loss: 0.187705, Val Loss: 0.191248
2026-03-23 14:47:53,897 - FeatureDistillation - INFO - Platform: Books, Epoch: 42, Train Loss: 0.186758, Val Loss: 0.191102
2026-03-23 14:47:54,090 - FeatureDistillation - INFO - Platform: Books, Epoch: 43, Train Loss: 0.187421, Val Loss: 0.190938
2026-03-23 14:47:54,296 - FeatureDistillation - INFO - Platform: Books, Epoch: 44, Train Loss: 0.186930, Val Loss: 0.191333
2026-03-23 14:47:54,502 - FeatureDistillation - INFO - Platform: Books, Epoch: 45, Train Loss: 0.187127, Val Loss: 0.190928
2026-03-23 14:47:54,703 - FeatureDistillation - INFO - Platform: Books, Epoch: 46, Train Loss: 0.186947, Val Loss: 0.191687
2026-03-23 14:47:54,914 - FeatureDistillation - INFO - Platform: Books, Epoch: 47, Train Loss: 0.186618, Val Loss: 0.191012
2026-03-23 14:47:55,114 - FeatureDistillation - INFO - Platform: Books, Epoch: 48, Train Loss: 0.186300, Val Loss: 0.190743
2026-03-23 14:47:55,308 - FeatureDistillation - INFO - Platform: Books, Epoch: 49, Train Loss: 0.187115, Val Loss: 0.190818
2026-03-23 14:47:55,520 - FeatureDistillation - INFO - Platform: Books, Epoch: 50, Train Loss: 0.186505, Val Loss: 0.190740
2026-03-23 14:47:55,757 - FeatureDistillation - INFO - Platform Books evaluation metrics: {'AUC': 0.7002604783329387, 'F1-score': 0.6443298969072165}
2026-03-23 14:47:55,993 - FeatureDistillation - INFO - Platform: Electronics, Epoch: 1, Train Loss: 0.259825, Val Loss: 0.218444
2026-03-23 14:47:56,212 - FeatureDistillation - INFO - Platform: Electronics, Epoch: 2, Train Loss: 0.211888, Val Loss: 0.195545
2026-03-23 14:47:56,456 - FeatureDistillation - INFO - Platform: Electronics, Epoch: 3, Train Loss: 0.198507, Val Loss: 0.188117
2026-03-23 14:47:56,671 - FeatureDistillation - INFO - Platform: Electronics, Epoch: 4, Train Loss: 0.192098, Val Loss: 0.185940
2026-03-23 14:47:56,890 - FeatureDistillation - INFO - Platform: Electronics, Epoch: 5, Train Loss: 0.191033, Val Loss: 0.184600
2026-03-23 14:47:57,098 - FeatureDistillation - INFO - Platform: Electronics, Epoch: 6, Train Loss: 0.189221, Val Loss: 0.182027
2026-03-23 14:47:57,303 - FeatureDistillation - INFO - Platform: Electronics, Epoch: 7, Train Loss: 0.189359, Val Loss: 0.182277
2026-03-23 14:47:57,520 - FeatureDistillation - INFO - Platform: Electronics, Epoch: 8, Train Loss: 0.188022, Val Loss: 0.182621
2026-03-23 14:47:57,727 - FeatureDistillation - INFO - Platform: Electronics, Epoch: 9, Train Loss: 0.186880, Val Loss: 0.180867
2026-03-23 14:47:57,938 - FeatureDistillation - INFO - Platform: Electronics, Epoch: 10, Train Loss: 0.186395, Val Loss: 0.182065
2026-03-23 14:47:58,156 - FeatureDistillation - INFO - Platform: Electronics, Epoch: 11, Train Loss: 0.185108, Val Loss: 0.180790
2026-03-23 14:47:58,381 - FeatureDistillation - INFO - Platform: Electronics, Epoch: 12, Train Loss: 0.186752, Val Loss: 0.180176
2026-03-23 14:47:58,605 - FeatureDistillation - INFO - Platform: Electronics, Epoch: 13, Train Loss: 0.184831, Val Loss: 0.179344
2026-03-23 14:47:58,823 - FeatureDistillation - INFO - Platform: Electronics, Epoch: 14, Train Loss: 0.184257, Val Loss: 0.182713
2026-03-23 14:47:59,041 - FeatureDistillation - INFO - Platform: Electronics, Epoch: 15, Train Loss: 0.184372, Val Loss: 0.181277
2026-03-23 14:47:59,265 - FeatureDistillation - INFO - Platform: Electronics, Epoch: 16, Train Loss: 0.184601, Val Loss: 0.178306
2026-03-23 14:47:59,494 - FeatureDistillation - INFO - Platform: Electronics, Epoch: 17, Train Loss: 0.182846, Val Loss: 0.177231
2026-03-23 14:47:59,708 - FeatureDistillation - INFO - Platform: Electronics, Epoch: 18, Train Loss: 0.183068, Val Loss: 0.178267
2026-03-23 14:47:59,920 - FeatureDistillation - INFO - Platform: Electronics, Epoch: 19, Train Loss: 0.182862, Val Loss: 0.179190
2026-03-23 14:48:00,132 - FeatureDistillation - INFO - Platform: Electronics, Epoch: 20, Train Loss: 0.182629, Val Loss: 0.176849
2026-03-23 14:48:00,357 - FeatureDistillation - INFO - Platform: Electronics, Epoch: 21, Train Loss: 0.182074, Val Loss: 0.178636
2026-03-23 14:48:00,568 - FeatureDistillation - INFO - Platform: Electronics, Epoch: 22, Train Loss: 0.181500, Val Loss: 0.176940
2026-03-23 14:48:00,780 - FeatureDistillation - INFO - Platform: Electronics, Epoch: 23, Train Loss: 0.180911, Val Loss: 0.181015
2026-03-23 14:48:00,974 - FeatureDistillation - INFO - Platform: Electronics, Epoch: 24, Train Loss: 0.182464, Val Loss: 0.177587
2026-03-23 14:48:01,181 - FeatureDistillation - INFO - Platform: Electronics, Epoch: 25, Train Loss: 0.180703, Val Loss: 0.177584
2026-03-23 14:48:01,411 - FeatureDistillation - INFO - Platform: Electronics, Epoch: 26, Train Loss: 0.180521, Val Loss: 0.177197
2026-03-23 14:48:01,630 - FeatureDistillation - INFO - Platform: Electronics, Epoch: 27, Train Loss: 0.180131, Val Loss: 0.178033
2026-03-23 14:48:01,830 - FeatureDistillation - INFO - Early stopping at epoch 28 for Electronics!
2026-03-23 14:48:02,065 - FeatureDistillation - INFO - Platform Electronics evaluation metrics: {'AUC': 0.7479100722343965, 'F1-score': 0.6522781774580335}
2026-03-23 14:48:02,282 - FeatureDistillation - INFO - Platform: Clothing, Epoch: 1, Train Loss: 0.247213, Val Loss: 0.216224
2026-03-23 14:48:02,504 - FeatureDistillation - INFO - Platform: Clothing, Epoch: 2, Train Loss: 0.217084, Val Loss: 0.212067
2026-03-23 14:48:02,732 - FeatureDistillation - INFO - Platform: Clothing, Epoch: 3, Train Loss: 0.211987, Val Loss: 0.202886
2026-03-23 14:48:02,962 - FeatureDistillation - INFO - Platform: Clothing, Epoch: 4, Train Loss: 0.205105, Val Loss: 0.197190
2026-03-23 14:48:03,184 - FeatureDistillation - INFO - Platform: Clothing, Epoch: 5, Train Loss: 0.203583, Val Loss: 0.195985
2026-03-23 14:48:03,404 - FeatureDistillation - INFO - Platform: Clothing, Epoch: 6, Train Loss: 0.203851, Val Loss: 0.196354
2026-03-23 14:48:03,624 - FeatureDistillation - INFO - Platform: Clothing, Epoch: 7, Train Loss: 0.203144, Val Loss: 0.196057
2026-03-23 14:48:03,858 - FeatureDistillation - INFO - Platform: Clothing, Epoch: 8, Train Loss: 0.202896, Val Loss: 0.197601
2026-03-23 14:48:04,087 - FeatureDistillation - INFO - Platform: Clothing, Epoch: 9, Train Loss: 0.202232, Val Loss: 0.196546
2026-03-23 14:48:04,296 - FeatureDistillation - INFO - Platform: Clothing, Epoch: 10, Train Loss: 0.202114, Val Loss: 0.196355
2026-03-23 14:48:04,475 - FeatureDistillation - INFO - Platform: Clothing, Epoch: 11, Train Loss: 0.202297, Val Loss: 0.196153
2026-03-23 14:48:04,702 - FeatureDistillation - INFO - Platform: Clothing, Epoch: 12, Train Loss: 0.201305, Val Loss: 0.195493
2026-03-23 14:48:04,926 - FeatureDistillation - INFO - Platform: Clothing, Epoch: 13, Train Loss: 0.201564, Val Loss: 0.195654
2026-03-23 14:48:05,163 - FeatureDistillation - INFO - Platform: Clothing, Epoch: 14, Train Loss: 0.200894, Val Loss: 0.195445
2026-03-23 14:48:05,370 - FeatureDistillation - INFO - Platform: Clothing, Epoch: 15, Train Loss: 0.201482, Val Loss: 0.195736
2026-03-23 14:48:05,593 - FeatureDistillation - INFO - Platform: Clothing, Epoch: 16, Train Loss: 0.201433, Val Loss: 0.195385
2026-03-23 14:48:05,821 - FeatureDistillation - INFO - Platform: Clothing, Epoch: 17, Train Loss: 0.201963, Val Loss: 0.195660
2026-03-23 14:48:06,046 - FeatureDistillation - INFO - Platform: Clothing, Epoch: 18, Train Loss: 0.200593, Val Loss: 0.195231
2026-03-23 14:48:06,283 - FeatureDistillation - INFO - Platform: Clothing, Epoch: 19, Train Loss: 0.201076, Val Loss: 0.195014
2026-03-23 14:48:06,495 - FeatureDistillation - INFO - Platform: Clothing, Epoch: 20, Train Loss: 0.201031, Val Loss: 0.195708
2026-03-23 14:48:06,723 - FeatureDistillation - INFO - Platform: Clothing, Epoch: 21, Train Loss: 0.200924, Val Loss: 0.195329
2026-03-23 14:48:06,942 - FeatureDistillation - INFO - Platform: Clothing, Epoch: 22, Train Loss: 0.200786, Val Loss: 0.195359
2026-03-23 14:48:07,167 - FeatureDistillation - INFO - Platform: Clothing, Epoch: 23, Train Loss: 0.200969, Val Loss: 0.195525
2026-03-23 14:48:07,400 - FeatureDistillation - INFO - Platform: Clothing, Epoch: 24, Train Loss: 0.201407, Val Loss: 0.195996
2026-03-23 14:48:07,622 - FeatureDistillation - INFO - Platform: Clothing, Epoch: 25, Train Loss: 0.200402, Val Loss: 0.195567
2026-03-23 14:48:07,848 - FeatureDistillation - INFO - Platform: Clothing, Epoch: 26, Train Loss: 0.201477, Val Loss: 0.195668
2026-03-23 14:48:08,061 - FeatureDistillation - INFO - Early stopping at epoch 27 for Clothing!
2026-03-23 14:48:08,285 - FeatureDistillation - INFO - Platform Clothing evaluation metrics: {'AUC': 0.6742286193976372, 'F1-score': 0.5856079404466501}
2026-03-23 14:48:08,285 - FeatureDistillation - INFO - Running ablation experiment: Without Platform Decoder
2026-03-23 14:48:08,504 - FeatureDistillation - INFO - Platform: Books, Epoch: 1, Train Loss: 0.253550, Val Loss: 0.209564
2026-03-23 14:48:08,722 - FeatureDistillation - INFO - Platform: Books, Epoch: 2, Train Loss: 0.202741, Val Loss: 0.201057
2026-03-23 14:48:08,932 - FeatureDistillation - INFO - Platform: Books, Epoch: 3, Train Loss: 0.197253, Val Loss: 0.196342
2026-03-23 14:48:09,119 - FeatureDistillation - INFO - Platform: Books, Epoch: 4, Train Loss: 0.194951, Val Loss: 0.201413
2026-03-23 14:48:09,339 - FeatureDistillation - INFO - Platform: Books, Epoch: 5, Train Loss: 0.195487, Val Loss: 0.195660
2026-03-23 14:48:09,550 - FeatureDistillation - INFO - Platform: Books, Epoch: 6, Train Loss: 0.193265, Val Loss: 0.196213
2026-03-23 14:48:09,761 - FeatureDistillation - INFO - Platform: Books, Epoch: 7, Train Loss: 0.191675, Val Loss: 0.194842
2026-03-23 14:48:09,969 - FeatureDistillation - INFO - Platform: Books, Epoch: 8, Train Loss: 0.190751, Val Loss: 0.195028
2026-03-23 14:48:10,153 - FeatureDistillation - INFO - Platform: Books, Epoch: 9, Train Loss: 0.190113, Val Loss: 0.193988
2026-03-23 14:48:10,335 - FeatureDistillation - INFO - Platform: Books, Epoch: 10, Train Loss: 0.190522, Val Loss: 0.194460
2026-03-23 14:48:10,546 - FeatureDistillation - INFO - Platform: Books, Epoch: 11, Train Loss: 0.190286, Val Loss: 0.195023
2026-03-23 14:48:10,757 - FeatureDistillation - INFO - Platform: Books, Epoch: 12, Train Loss: 0.190729, Val Loss: 0.194086
2026-03-23 14:48:10,960 - FeatureDistillation - INFO - Platform: Books, Epoch: 13, Train Loss: 0.189736, Val Loss: 0.194439
2026-03-23 14:48:11,176 - FeatureDistillation - INFO - Platform: Books, Epoch: 14, Train Loss: 0.190007, Val Loss: 0.193664
2026-03-23 14:48:11,359 - FeatureDistillation - INFO - Platform: Books, Epoch: 15, Train Loss: 0.190230, Val Loss: 0.194126
2026-03-23 14:48:11,542 - FeatureDistillation - INFO - Platform: Books, Epoch: 16, Train Loss: 0.189220, Val Loss: 0.193894
2026-03-23 14:48:11,763 - FeatureDistillation - INFO - Platform: Books, Epoch: 17, Train Loss: 0.189730, Val Loss: 0.195498
2026-03-23 14:48:11,967 - FeatureDistillation - INFO - Platform: Books, Epoch: 18, Train Loss: 0.188850, Val Loss: 0.198408
2026-03-23 14:48:12,175 - FeatureDistillation - INFO - Platform: Books, Epoch: 19, Train Loss: 0.190397, Val Loss: 0.194779
2026-03-23 14:48:12,369 - FeatureDistillation - INFO - Platform: Books, Epoch: 20, Train Loss: 0.189306, Val Loss: 0.194302
2026-03-23 14:48:12,593 - FeatureDistillation - INFO - Platform: Books, Epoch: 21, Train Loss: 0.188321, Val Loss: 0.193407
2026-03-23 14:48:12,811 - FeatureDistillation - INFO - Platform: Books, Epoch: 22, Train Loss: 0.188282, Val Loss: 0.193643
2026-03-23 14:48:13,033 - FeatureDistillation - INFO - Platform: Books, Epoch: 23, Train Loss: 0.188793, Val Loss: 0.192896
2026-03-23 14:48:13,247 - FeatureDistillation - INFO - Platform: Books, Epoch: 24, Train Loss: 0.188973, Val Loss: 0.193159
2026-03-23 14:48:13,459 - FeatureDistillation - INFO - Platform: Books, Epoch: 25, Train Loss: 0.188337, Val Loss: 0.192607
2026-03-23 14:48:13,648 - FeatureDistillation - INFO - Platform: Books, Epoch: 26, Train Loss: 0.188358, Val Loss: 0.192271
2026-03-23 14:48:13,836 - FeatureDistillation - INFO - Platform: Books, Epoch: 27, Train Loss: 0.188346, Val Loss: 0.192456
2026-03-23 14:48:14,028 - FeatureDistillation - INFO - Platform: Books, Epoch: 28, Train Loss: 0.188062, Val Loss: 0.192802
2026-03-23 14:48:14,218 - FeatureDistillation - INFO - Platform: Books, Epoch: 29, Train Loss: 0.189069, Val Loss: 0.191865
2026-03-23 14:48:14,403 - FeatureDistillation - INFO - Platform: Books, Epoch: 30, Train Loss: 0.188394, Val Loss: 0.191867
2026-03-23 14:48:14,594 - FeatureDistillation - INFO - Platform: Books, Epoch: 31, Train Loss: 0.188839, Val Loss: 0.192123
2026-03-23 14:48:14,783 - FeatureDistillation - INFO - Platform: Books, Epoch: 32, Train Loss: 0.187095, Val Loss: 0.192385
2026-03-23 14:48:14,974 - FeatureDistillation - INFO - Platform: Books, Epoch: 33, Train Loss: 0.187872, Val Loss: 0.192578
2026-03-23 14:48:15,163 - FeatureDistillation - INFO - Platform: Books, Epoch: 34, Train Loss: 0.188434, Val Loss: 0.192528
2026-03-23 14:48:15,342 - FeatureDistillation - INFO - Platform: Books, Epoch: 35, Train Loss: 0.188930, Val Loss: 0.192158
2026-03-23 14:48:15,527 - FeatureDistillation - INFO - Platform: Books, Epoch: 36, Train Loss: 0.187322, Val Loss: 0.192186
2026-03-23 14:48:15,717 - FeatureDistillation - INFO - Early stopping at epoch 37 for Books!
2026-03-23 14:48:15,953 - FeatureDistillation - INFO - Platform Books evaluation metrics: {'AUC': 0.7024153445417949, 'F1-score': 0.6439790575916231}
2026-03-23 14:48:16,155 - FeatureDistillation - INFO - Platform: Electronics, Epoch: 1, Train Loss: 0.251507, Val Loss: 0.220678
2026-03-23 14:48:16,356 - FeatureDistillation - INFO - Platform: Electronics, Epoch: 2, Train Loss: 0.210541, Val Loss: 0.197343
2026-03-23 14:48:16,554 - FeatureDistillation - INFO - Platform: Electronics, Epoch: 3, Train Loss: 0.197261, Val Loss: 0.187625
2026-03-23 14:48:16,753 - FeatureDistillation - INFO - Platform: Electronics, Epoch: 4, Train Loss: 0.193601, Val Loss: 0.185707
2026-03-23 14:48:16,950 - FeatureDistillation - INFO - Platform: Electronics, Epoch: 5, Train Loss: 0.190014, Val Loss: 0.191709
2026-03-23 14:48:17,140 - FeatureDistillation - INFO - Platform: Electronics, Epoch: 6, Train Loss: 0.190237, Val Loss: 0.186136
2026-03-23 14:48:17,340 - FeatureDistillation - INFO - Platform: Electronics, Epoch: 7, Train Loss: 0.187735, Val Loss: 0.181235
2026-03-23 14:48:17,525 - FeatureDistillation - INFO - Platform: Electronics, Epoch: 8, Train Loss: 0.188118, Val Loss: 0.182845
2026-03-23 14:48:17,719 - FeatureDistillation - INFO - Platform: Electronics, Epoch: 9, Train Loss: 0.187049, Val Loss: 0.180804
2026-03-23 14:48:17,911 - FeatureDistillation - INFO - Platform: Electronics, Epoch: 10, Train Loss: 0.186516, Val Loss: 0.179940
2026-03-23 14:48:18,106 - FeatureDistillation - INFO - Platform: Electronics, Epoch: 11, Train Loss: 0.185337, Val Loss: 0.181238
2026-03-23 14:48:18,307 - FeatureDistillation - INFO - Platform: Electronics, Epoch: 12, Train Loss: 0.185003, Val Loss: 0.179356
2026-03-23 14:48:18,495 - FeatureDistillation - INFO - Platform: Electronics, Epoch: 13, Train Loss: 0.187213, Val Loss: 0.181997
2026-03-23 14:48:18,689 - FeatureDistillation - INFO - Platform: Electronics, Epoch: 14, Train Loss: 0.184292, Val Loss: 0.179057
2026-03-23 14:48:18,884 - FeatureDistillation - INFO - Platform: Electronics, Epoch: 15, Train Loss: 0.184490, Val Loss: 0.178944
2026-03-23 14:48:19,083 - FeatureDistillation - INFO - Platform: Electronics, Epoch: 16, Train Loss: 0.184190, Val Loss: 0.178794
2026-03-23 14:48:19,280 - FeatureDistillation - INFO - Platform: Electronics, Epoch: 17, Train Loss: 0.183781, Val Loss: 0.178191
2026-03-23 14:48:19,474 - FeatureDistillation - INFO - Platform: Electronics, Epoch: 18, Train Loss: 0.183832, Val Loss: 0.177933
2026-03-23 14:48:19,662 - FeatureDistillation - INFO - Platform: Electronics, Epoch: 19, Train Loss: 0.182161, Val Loss: 0.181929
2026-03-23 14:48:19,854 - FeatureDistillation - INFO - Platform: Electronics, Epoch: 20, Train Loss: 0.182734, Val Loss: 0.177604
2026-03-23 14:48:20,050 - FeatureDistillation - INFO - Platform: Electronics, Epoch: 21, Train Loss: 0.182179, Val Loss: 0.177525
2026-03-23 14:48:20,248 - FeatureDistillation - INFO - Platform: Electronics, Epoch: 22, Train Loss: 0.181725, Val Loss: 0.177627
2026-03-23 14:48:20,446 - FeatureDistillation - INFO - Platform: Electronics, Epoch: 23, Train Loss: 0.180874, Val Loss: 0.177512
2026-03-23 14:48:20,637 - FeatureDistillation - INFO - Platform: Electronics, Epoch: 24, Train Loss: 0.181477, Val Loss: 0.176364
2026-03-23 14:48:20,845 - FeatureDistillation - INFO - Platform: Electronics, Epoch: 25, Train Loss: 0.180693, Val Loss: 0.176379
2026-03-23 14:48:21,039 - FeatureDistillation - INFO - Platform: Electronics, Epoch: 26, Train Loss: 0.180607, Val Loss: 0.176792
2026-03-23 14:48:21,235 - FeatureDistillation - INFO - Platform: Electronics, Epoch: 27, Train Loss: 0.180803, Val Loss: 0.178370
2026-03-23 14:48:21,429 - FeatureDistillation - INFO - Platform: Electronics, Epoch: 28, Train Loss: 0.180921, Val Loss: 0.179291
2026-03-23 14:48:21,630 - FeatureDistillation - INFO - Platform: Electronics, Epoch: 29, Train Loss: 0.180051, Val Loss: 0.177599
2026-03-23 14:48:21,828 - FeatureDistillation - INFO - Platform: Electronics, Epoch: 30, Train Loss: 0.180603, Val Loss: 0.176939
2026-03-23 14:48:22,025 - FeatureDistillation - INFO - Platform: Electronics, Epoch: 31, Train Loss: 0.178381, Val Loss: 0.176390
2026-03-23 14:48:22,223 - FeatureDistillation - INFO - Platform: Electronics, Epoch: 32, Train Loss: 0.179230, Val Loss: 0.175788
2026-03-23 14:48:22,419 - FeatureDistillation - INFO - Platform: Electronics, Epoch: 33, Train Loss: 0.179847, Val Loss: 0.177510
2026-03-23 14:48:22,618 - FeatureDistillation - INFO - Platform: Electronics, Epoch: 34, Train Loss: 0.178989, Val Loss: 0.176301
2026-03-23 14:48:22,813 - FeatureDistillation - INFO - Platform: Electronics, Epoch: 35, Train Loss: 0.179020, Val Loss: 0.176514
2026-03-23 14:48:23,026 - FeatureDistillation - INFO - Platform: Electronics, Epoch: 36, Train Loss: 0.177393, Val Loss: 0.176606
2026-03-23 14:48:23,224 - FeatureDistillation - INFO - Platform: Electronics, Epoch: 37, Train Loss: 0.179768, Val Loss: 0.176171
2026-03-23 14:48:23,419 - FeatureDistillation - INFO - Platform: Electronics, Epoch: 38, Train Loss: 0.178281, Val Loss: 0.176400
2026-03-23 14:48:23,618 - FeatureDistillation - INFO - Platform: Electronics, Epoch: 39, Train Loss: 0.178216, Val Loss: 0.176421
2026-03-23 14:48:23,819 - FeatureDistillation - INFO - Early stopping at epoch 40 for Electronics!
2026-03-23 14:48:24,060 - FeatureDistillation - INFO - Platform Electronics evaluation metrics: {'AUC': 0.7452317182046913, 'F1-score': 0.665137614678899}
2026-03-23 14:48:24,269 - FeatureDistillation - INFO - Platform: Clothing, Epoch: 1, Train Loss: 0.248769, Val Loss: 0.215762
2026-03-23 14:48:24,469 - FeatureDistillation - INFO - Platform: Clothing, Epoch: 2, Train Loss: 0.214922, Val Loss: 0.204161
2026-03-23 14:48:24,678 - FeatureDistillation - INFO - Platform: Clothing, Epoch: 3, Train Loss: 0.208574, Val Loss: 0.198239
2026-03-23 14:48:24,879 - FeatureDistillation - INFO - Platform: Clothing, Epoch: 4, Train Loss: 0.203672, Val Loss: 0.199025
2026-03-23 14:48:25,076 - FeatureDistillation - INFO - Platform: Clothing, Epoch: 5, Train Loss: 0.204126, Val Loss: 0.196618
2026-03-23 14:48:25,289 - FeatureDistillation - INFO - Platform: Clothing, Epoch: 6, Train Loss: 0.202960, Val Loss: 0.196346
2026-03-23 14:48:25,484 - FeatureDistillation - INFO - Platform: Clothing, Epoch: 7, Train Loss: 0.202642, Val Loss: 0.197541
2026-03-23 14:48:25,680 - FeatureDistillation - INFO - Platform: Clothing, Epoch: 8, Train Loss: 0.202623, Val Loss: 0.197103
2026-03-23 14:48:25,882 - FeatureDistillation - INFO - Platform: Clothing, Epoch: 9, Train Loss: 0.202129, Val Loss: 0.195025
2026-03-23 14:48:26,078 - FeatureDistillation - INFO - Platform: Clothing, Epoch: 10, Train Loss: 0.202417, Val Loss: 0.195486
2026-03-23 14:48:26,281 - FeatureDistillation - INFO - Platform: Clothing, Epoch: 11, Train Loss: 0.201907, Val Loss: 0.195117
2026-03-23 14:48:26,482 - FeatureDistillation - INFO - Platform: Clothing, Epoch: 12, Train Loss: 0.201832, Val Loss: 0.196969
2026-03-23 14:48:26,669 - FeatureDistillation - INFO - Platform: Clothing, Epoch: 13, Train Loss: 0.202149, Val Loss: 0.196083
2026-03-23 14:48:26,868 - FeatureDistillation - INFO - Platform: Clothing, Epoch: 14, Train Loss: 0.201285, Val Loss: 0.196131
2026-03-23 14:48:27,072 - FeatureDistillation - INFO - Platform: Clothing, Epoch: 15, Train Loss: 0.201653, Val Loss: 0.195092
2026-03-23 14:48:27,280 - FeatureDistillation - INFO - Platform: Clothing, Epoch: 16, Train Loss: 0.200708, Val Loss: 0.194701
2026-03-23 14:48:27,488 - FeatureDistillation - INFO - Platform: Clothing, Epoch: 17, Train Loss: 0.201109, Val Loss: 0.194822
2026-03-23 14:48:27,685 - FeatureDistillation - INFO - Platform: Clothing, Epoch: 18, Train Loss: 0.200800, Val Loss: 0.194838
2026-03-23 14:48:27,879 - FeatureDistillation - INFO - Platform: Clothing, Epoch: 19, Train Loss: 0.201276, Val Loss: 0.194690
2026-03-23 14:48:28,070 - FeatureDistillation - INFO - Platform: Clothing, Epoch: 20, Train Loss: 0.201567, Val Loss: 0.194680
2026-03-23 14:48:28,260 - FeatureDistillation - INFO - Platform: Clothing, Epoch: 21, Train Loss: 0.200566, Val Loss: 0.195679
2026-03-23 14:48:28,453 - FeatureDistillation - INFO - Platform: Clothing, Epoch: 22, Train Loss: 0.200967, Val Loss: 0.195288
2026-03-23 14:48:28,648 - FeatureDistillation - INFO - Platform: Clothing, Epoch: 23, Train Loss: 0.201049, Val Loss: 0.195662
2026-03-23 14:48:28,842 - FeatureDistillation - INFO - Platform: Clothing, Epoch: 24, Train Loss: 0.201201, Val Loss: 0.194928
2026-03-23 14:48:29,041 - FeatureDistillation - INFO - Platform: Clothing, Epoch: 25, Train Loss: 0.201375, Val Loss: 0.194922
2026-03-23 14:48:29,237 - FeatureDistillation - INFO - Platform: Clothing, Epoch: 26, Train Loss: 0.200828, Val Loss: 0.195205
2026-03-23 14:48:29,437 - FeatureDistillation - INFO - Platform: Clothing, Epoch: 27, Train Loss: 0.200415, Val Loss: 0.194769
2026-03-23 14:48:29,620 - FeatureDistillation - INFO - Early stopping at epoch 28 for Clothing!
2026-03-23 14:48:29,851 - FeatureDistillation - INFO - Platform Clothing evaluation metrics: {'AUC': 0.6783030650478081, 'F1-score': 0.6}
2026-03-23 14:48:29,851 - FeatureDistillation - INFO - Running ablation experiment: Without MMD Loss
2026-03-23 14:48:30,042 - FeatureDistillation - INFO - Platform: Books, Epoch: 1, Train Loss: 0.251325, Val Loss: 0.211715
2026-03-23 14:48:30,222 - FeatureDistillation - INFO - Platform: Books, Epoch: 2, Train Loss: 0.202408, Val Loss: 0.195573
2026-03-23 14:48:30,410 - FeatureDistillation - INFO - Platform: Books, Epoch: 3, Train Loss: 0.196026, Val Loss: 0.195168
2026-03-23 14:48:30,595 - FeatureDistillation - INFO - Platform: Books, Epoch: 4, Train Loss: 0.195909, Val Loss: 0.195744
2026-03-23 14:48:30,804 - FeatureDistillation - INFO - Platform: Books, Epoch: 5, Train Loss: 0.193878, Val Loss: 0.196099
2026-03-23 14:48:30,967 - FeatureDistillation - INFO - Platform: Books, Epoch: 6, Train Loss: 0.193203, Val Loss: 0.196385
2026-03-23 14:48:31,135 - FeatureDistillation - INFO - Platform: Books, Epoch: 7, Train Loss: 0.192226, Val Loss: 0.193570
2026-03-23 14:48:31,295 - FeatureDistillation - INFO - Platform: Books, Epoch: 8, Train Loss: 0.191404, Val Loss: 0.194311
2026-03-23 14:48:31,435 - FeatureDistillation - INFO - Platform: Books, Epoch: 9, Train Loss: 0.190918, Val Loss: 0.194088
2026-03-23 14:48:31,587 - FeatureDistillation - INFO - Platform: Books, Epoch: 10, Train Loss: 0.190937, Val Loss: 0.193957
2026-03-23 14:48:31,736 - FeatureDistillation - INFO - Platform: Books, Epoch: 11, Train Loss: 0.192194, Val Loss: 0.193420
2026-03-23 14:48:31,884 - FeatureDistillation - INFO - Platform: Books, Epoch: 12, Train Loss: 0.189613, Val Loss: 0.193281
2026-03-23 14:48:32,028 - FeatureDistillation - INFO - Platform: Books, Epoch: 13, Train Loss: 0.190316, Val Loss: 0.193255
2026-03-23 14:48:32,171 - FeatureDistillation - INFO - Platform: Books, Epoch: 14, Train Loss: 0.188940, Val Loss: 0.192965
2026-03-23 14:48:32,317 - FeatureDistillation - INFO - Platform: Books, Epoch: 15, Train Loss: 0.190839, Val Loss: 0.192568
2026-03-23 14:48:32,466 - FeatureDistillation - INFO - Platform: Books, Epoch: 16, Train Loss: 0.189795, Val Loss: 0.192883
2026-03-23 14:48:32,614 - FeatureDistillation - INFO - Platform: Books, Epoch: 17, Train Loss: 0.189816, Val Loss: 0.192859
2026-03-23 14:48:32,758 - FeatureDistillation - INFO - Platform: Books, Epoch: 18, Train Loss: 0.190148, Val Loss: 0.193208
2026-03-23 14:48:32,899 - FeatureDistillation - INFO - Platform: Books, Epoch: 19, Train Loss: 0.189844, Val Loss: 0.193479
2026-03-23 14:48:33,051 - FeatureDistillation - INFO - Platform: Books, Epoch: 20, Train Loss: 0.188049, Val Loss: 0.193704
2026-03-23 14:48:33,246 - FeatureDistillation - INFO - Platform: Books, Epoch: 21, Train Loss: 0.189149, Val Loss: 0.192444
2026-03-23 14:48:33,434 - FeatureDistillation - INFO - Platform: Books, Epoch: 22, Train Loss: 0.188871, Val Loss: 0.192703
2026-03-23 14:48:33,623 - FeatureDistillation - INFO - Platform: Books, Epoch: 23, Train Loss: 0.188762, Val Loss: 0.193190
2026-03-23 14:48:33,827 - FeatureDistillation - INFO - Platform: Books, Epoch: 24, Train Loss: 0.188936, Val Loss: 0.193332
2026-03-23 14:48:34,013 - FeatureDistillation - INFO - Platform: Books, Epoch: 25, Train Loss: 0.188058, Val Loss: 0.192359
2026-03-23 14:48:34,203 - FeatureDistillation - INFO - Platform: Books, Epoch: 26, Train Loss: 0.187877, Val Loss: 0.193133
2026-03-23 14:48:34,387 - FeatureDistillation - INFO - Platform: Books, Epoch: 27, Train Loss: 0.188204, Val Loss: 0.192886
2026-03-23 14:48:34,588 - FeatureDistillation - INFO - Platform: Books, Epoch: 28, Train Loss: 0.188800, Val Loss: 0.194204
2026-03-23 14:48:34,777 - FeatureDistillation - INFO - Platform: Books, Epoch: 29, Train Loss: 0.188034, Val Loss: 0.193869
2026-03-23 14:48:34,963 - FeatureDistillation - INFO - Platform: Books, Epoch: 30, Train Loss: 0.187787, Val Loss: 0.193339
2026-03-23 14:48:35,151 - FeatureDistillation - INFO - Platform: Books, Epoch: 31, Train Loss: 0.188266, Val Loss: 0.194189
2026-03-23 14:48:35,341 - FeatureDistillation - INFO - Platform: Books, Epoch: 32, Train Loss: 0.187767, Val Loss: 0.192344
2026-03-23 14:48:35,530 - FeatureDistillation - INFO - Platform: Books, Epoch: 33, Train Loss: 0.187440, Val Loss: 0.191968
2026-03-23 14:48:35,720 - FeatureDistillation - INFO - Platform: Books, Epoch: 34, Train Loss: 0.188508, Val Loss: 0.191586
2026-03-23 14:48:35,899 - FeatureDistillation - INFO - Platform: Books, Epoch: 35, Train Loss: 0.187283, Val Loss: 0.191876
2026-03-23 14:48:36,085 - FeatureDistillation - INFO - Platform: Books, Epoch: 36, Train Loss: 0.187009, Val Loss: 0.191848
2026-03-23 14:48:36,273 - FeatureDistillation - INFO - Platform: Books, Epoch: 37, Train Loss: 0.188124, Val Loss: 0.191445
2026-03-23 14:48:36,451 - FeatureDistillation - INFO - Platform: Books, Epoch: 38, Train Loss: 0.187420, Val Loss: 0.191762
2026-03-23 14:48:36,637 - FeatureDistillation - INFO - Platform: Books, Epoch: 39, Train Loss: 0.186949, Val Loss: 0.192089
2026-03-23 14:48:36,823 - FeatureDistillation - INFO - Platform: Books, Epoch: 40, Train Loss: 0.187325, Val Loss: 0.192667
2026-03-23 14:48:37,008 - FeatureDistillation - INFO - Platform: Books, Epoch: 41, Train Loss: 0.187651, Val Loss: 0.191815
2026-03-23 14:48:37,195 - FeatureDistillation - INFO - Platform: Books, Epoch: 42, Train Loss: 0.187614, Val Loss: 0.191321
2026-03-23 14:48:37,375 - FeatureDistillation - INFO - Platform: Books, Epoch: 43, Train Loss: 0.187682, Val Loss: 0.191445
2026-03-23 14:48:37,557 - FeatureDistillation - INFO - Platform: Books, Epoch: 44, Train Loss: 0.187032, Val Loss: 0.191364
2026-03-23 14:48:37,734 - FeatureDistillation - INFO - Platform: Books, Epoch: 45, Train Loss: 0.187177, Val Loss: 0.191413
2026-03-23 14:48:37,916 - FeatureDistillation - INFO - Platform: Books, Epoch: 46, Train Loss: 0.186937, Val Loss: 0.191073
2026-03-23 14:48:38,101 - FeatureDistillation - INFO - Platform: Books, Epoch: 47, Train Loss: 0.187817, Val Loss: 0.190883
2026-03-23 14:48:38,285 - FeatureDistillation - INFO - Platform: Books, Epoch: 48, Train Loss: 0.186721, Val Loss: 0.192705
2026-03-23 14:48:38,465 - FeatureDistillation - INFO - Platform: Books, Epoch: 49, Train Loss: 0.187526, Val Loss: 0.191152
2026-03-23 14:48:38,645 - FeatureDistillation - INFO - Platform: Books, Epoch: 50, Train Loss: 0.186120, Val Loss: 0.191347
2026-03-23 14:48:38,878 - FeatureDistillation - INFO - Platform Books evaluation metrics: {'AUC': 0.7002131186360407, 'F1-score': 0.6494845360824743}
2026-03-23 14:48:39,094 - FeatureDistillation - INFO - Platform: Electronics, Epoch: 1, Train Loss: 0.255641, Val Loss: 0.213226
2026-03-23 14:48:39,294 - FeatureDistillation - INFO - Platform: Electronics, Epoch: 2, Train Loss: 0.207359, Val Loss: 0.193066
2026-03-23 14:48:39,497 - FeatureDistillation - INFO - Platform: Electronics, Epoch: 3, Train Loss: 0.193259, Val Loss: 0.185812
2026-03-23 14:48:39,691 - FeatureDistillation - INFO - Platform: Electronics, Epoch: 4, Train Loss: 0.191986, Val Loss: 0.188403
2026-03-23 14:48:39,882 - FeatureDistillation - INFO - Platform: Electronics, Epoch: 5, Train Loss: 0.191557, Val Loss: 0.186346
2026-03-23 14:48:40,073 - FeatureDistillation - INFO - Platform: Electronics, Epoch: 6, Train Loss: 0.187688, Val Loss: 0.184725
2026-03-23 14:48:40,264 - FeatureDistillation - INFO - Platform: Electronics, Epoch: 7, Train Loss: 0.188595, Val Loss: 0.182381
2026-03-23 14:48:40,459 - FeatureDistillation - INFO - Platform: Electronics, Epoch: 8, Train Loss: 0.186418, Val Loss: 0.180581
2026-03-23 14:48:40,659 - FeatureDistillation - INFO - Platform: Electronics, Epoch: 9, Train Loss: 0.187520, Val Loss: 0.184243
2026-03-23 14:48:40,850 - FeatureDistillation - INFO - Platform: Electronics, Epoch: 10, Train Loss: 0.187539, Val Loss: 0.181662
2026-03-23 14:48:41,048 - FeatureDistillation - INFO - Platform: Electronics, Epoch: 11, Train Loss: 0.185183, Val Loss: 0.180426
2026-03-23 14:48:41,247 - FeatureDistillation - INFO - Platform: Electronics, Epoch: 12, Train Loss: 0.185325, Val Loss: 0.181311
2026-03-23 14:48:41,467 - FeatureDistillation - INFO - Platform: Electronics, Epoch: 13, Train Loss: 0.184806, Val Loss: 0.179671
2026-03-23 14:48:41,666 - FeatureDistillation - INFO - Platform: Electronics, Epoch: 14, Train Loss: 0.183877, Val Loss: 0.181709
2026-03-23 14:48:41,865 - FeatureDistillation - INFO - Platform: Electronics, Epoch: 15, Train Loss: 0.185225, Val Loss: 0.178883
2026-03-23 14:48:42,063 - FeatureDistillation - INFO - Platform: Electronics, Epoch: 16, Train Loss: 0.184217, Val Loss: 0.178546
2026-03-23 14:48:42,258 - FeatureDistillation - INFO - Platform: Electronics, Epoch: 17, Train Loss: 0.182811, Val Loss: 0.180229
2026-03-23 14:48:42,455 - FeatureDistillation - INFO - Platform: Electronics, Epoch: 18, Train Loss: 0.182288, Val Loss: 0.178314
2026-03-23 14:48:42,644 - FeatureDistillation - INFO - Platform: Electronics, Epoch: 19, Train Loss: 0.182141, Val Loss: 0.177471
2026-03-23 14:48:42,833 - FeatureDistillation - INFO - Platform: Electronics, Epoch: 20, Train Loss: 0.181852, Val Loss: 0.177448
2026-03-23 14:48:43,035 - FeatureDistillation - INFO - Platform: Electronics, Epoch: 21, Train Loss: 0.182112, Val Loss: 0.177292
2026-03-23 14:48:43,230 - FeatureDistillation - INFO - Platform: Electronics, Epoch: 22, Train Loss: 0.179809, Val Loss: 0.180342
2026-03-23 14:48:43,432 - FeatureDistillation - INFO - Platform: Electronics, Epoch: 23, Train Loss: 0.180908, Val Loss: 0.176334
2026-03-23 14:48:43,650 - FeatureDistillation - INFO - Platform: Electronics, Epoch: 24, Train Loss: 0.180392, Val Loss: 0.176869
2026-03-23 14:48:43,863 - FeatureDistillation - INFO - Platform: Electronics, Epoch: 25, Train Loss: 0.180800, Val Loss: 0.178443
2026-03-23 14:48:44,060 - FeatureDistillation - INFO - Platform: Electronics, Epoch: 26, Train Loss: 0.180905, Val Loss: 0.177018
2026-03-23 14:48:44,260 - FeatureDistillation - INFO - Platform: Electronics, Epoch: 27, Train Loss: 0.182036, Val Loss: 0.178057
2026-03-23 14:48:44,455 - FeatureDistillation - INFO - Platform: Electronics, Epoch: 28, Train Loss: 0.180040, Val Loss: 0.180993
2026-03-23 14:48:44,663 - FeatureDistillation - INFO - Platform: Electronics, Epoch: 29, Train Loss: 0.180335, Val Loss: 0.178194
2026-03-23 14:48:44,866 - FeatureDistillation - INFO - Platform: Electronics, Epoch: 30, Train Loss: 0.180179, Val Loss: 0.177894
2026-03-23 14:48:45,063 - FeatureDistillation - INFO - Early stopping at epoch 31 for Electronics!
2026-03-23 14:48:45,298 - FeatureDistillation - INFO - Platform Electronics evaluation metrics: {'AUC': 0.7450693937180425, 'F1-score': 0.6634382566585957}
2026-03-23 14:48:45,513 - FeatureDistillation - INFO - Platform: Clothing, Epoch: 1, Train Loss: 0.249243, Val Loss: 0.216378
2026-03-23 14:48:45,709 - FeatureDistillation - INFO - Platform: Clothing, Epoch: 2, Train Loss: 0.216969, Val Loss: 0.211241
2026-03-23 14:48:45,929 - FeatureDistillation - INFO - Platform: Clothing, Epoch: 3, Train Loss: 0.208194, Val Loss: 0.205517
2026-03-23 14:48:46,112 - FeatureDistillation - INFO - Platform: Clothing, Epoch: 4, Train Loss: 0.205435, Val Loss: 0.196349
2026-03-23 14:48:46,297 - FeatureDistillation - INFO - Platform: Clothing, Epoch: 5, Train Loss: 0.202981, Val Loss: 0.196130
2026-03-23 14:48:46,500 - FeatureDistillation - INFO - Platform: Clothing, Epoch: 6, Train Loss: 0.203225, Val Loss: 0.196310
2026-03-23 14:48:46,702 - FeatureDistillation - INFO - Platform: Clothing, Epoch: 7, Train Loss: 0.202212, Val Loss: 0.200054
2026-03-23 14:48:46,902 - FeatureDistillation - INFO - Platform: Clothing, Epoch: 8, Train Loss: 0.203180, Val Loss: 0.196223
2026-03-23 14:48:47,106 - FeatureDistillation - INFO - Platform: Clothing, Epoch: 9, Train Loss: 0.202416, Val Loss: 0.195709
2026-03-23 14:48:47,308 - FeatureDistillation - INFO - Platform: Clothing, Epoch: 10, Train Loss: 0.202066, Val Loss: 0.195931
2026-03-23 14:48:47,509 - FeatureDistillation - INFO - Platform: Clothing, Epoch: 11, Train Loss: 0.201662, Val Loss: 0.196039
2026-03-23 14:48:47,709 - FeatureDistillation - INFO - Platform: Clothing, Epoch: 12, Train Loss: 0.201198, Val Loss: 0.197160
2026-03-23 14:48:47,902 - FeatureDistillation - INFO - Platform: Clothing, Epoch: 13, Train Loss: 0.202378, Val Loss: 0.197887
2026-03-23 14:48:48,102 - FeatureDistillation - INFO - Platform: Clothing, Epoch: 14, Train Loss: 0.202260, Val Loss: 0.196195
2026-03-23 14:48:48,295 - FeatureDistillation - INFO - Platform: Clothing, Epoch: 15, Train Loss: 0.201276, Val Loss: 0.195537
2026-03-23 14:48:48,487 - FeatureDistillation - INFO - Platform: Clothing, Epoch: 16, Train Loss: 0.201917, Val Loss: 0.195285
2026-03-23 14:48:48,644 - FeatureDistillation - INFO - Platform: Clothing, Epoch: 17, Train Loss: 0.201368, Val Loss: 0.195751
2026-03-23 14:48:48,825 - FeatureDistillation - INFO - Platform: Clothing, Epoch: 18, Train Loss: 0.200578, Val Loss: 0.195296
2026-03-23 14:48:49,015 - FeatureDistillation - INFO - Platform: Clothing, Epoch: 19, Train Loss: 0.200953, Val Loss: 0.195361
2026-03-23 14:48:49,212 - FeatureDistillation - INFO - Platform: Clothing, Epoch: 20, Train Loss: 0.200553, Val Loss: 0.194704
2026-03-23 14:48:49,403 - FeatureDistillation - INFO - Platform: Clothing, Epoch: 21, Train Loss: 0.200947, Val Loss: 0.195267
2026-03-23 14:48:49,597 - FeatureDistillation - INFO - Platform: Clothing, Epoch: 22, Train Loss: 0.201330, Val Loss: 0.195320
2026-03-23 14:48:49,791 - FeatureDistillation - INFO - Platform: Clothing, Epoch: 23, Train Loss: 0.200681, Val Loss: 0.195002
2026-03-23 14:48:49,982 - FeatureDistillation - INFO - Platform: Clothing, Epoch: 24, Train Loss: 0.200525, Val Loss: 0.194870
2026-03-23 14:48:50,177 - FeatureDistillation - INFO - Platform: Clothing, Epoch: 25, Train Loss: 0.200370, Val Loss: 0.195467
2026-03-23 14:48:50,376 - FeatureDistillation - INFO - Platform: Clothing, Epoch: 26, Train Loss: 0.200369, Val Loss: 0.197132
2026-03-23 14:48:50,571 - FeatureDistillation - INFO - Platform: Clothing, Epoch: 27, Train Loss: 0.200316, Val Loss: 0.194898
2026-03-23 14:48:50,764 - FeatureDistillation - INFO - Early stopping at epoch 28 for Clothing!
2026-03-23 14:48:50,994 - FeatureDistillation - INFO - Platform Clothing evaluation metrics: {'AUC': 0.6754161462705514, 'F1-score': 0.5951219512195123}
2026-03-23 14:48:50,994 - FeatureDistillation - INFO - Running ablation experiment: Without Downstream Task
2026-03-23 14:48:51,179 - FeatureDistillation - INFO - Platform: Books, Epoch: 1, Train Loss: 0.261958, Val Loss: 0.221112
2026-03-23 14:48:51,360 - FeatureDistillation - INFO - Platform: Books, Epoch: 2, Train Loss: 0.207218, Val Loss: 0.196094
2026-03-23 14:48:51,539 - FeatureDistillation - INFO - Platform: Books, Epoch: 3, Train Loss: 0.198000, Val Loss: 0.195287
2026-03-23 14:48:51,721 - FeatureDistillation - INFO - Platform: Books, Epoch: 4, Train Loss: 0.196629, Val Loss: 0.195159
2026-03-23 14:48:51,901 - FeatureDistillation - INFO - Platform: Books, Epoch: 5, Train Loss: 0.193591, Val Loss: 0.194909
2026-03-23 14:48:52,086 - FeatureDistillation - INFO - Platform: Books, Epoch: 6, Train Loss: 0.192975, Val Loss: 0.194746
2026-03-23 14:48:52,273 - FeatureDistillation - INFO - Platform: Books, Epoch: 7, Train Loss: 0.192923, Val Loss: 0.193165
2026-03-23 14:48:52,456 - FeatureDistillation - INFO - Platform: Books, Epoch: 8, Train Loss: 0.192096, Val Loss: 0.193189
2026-03-23 14:48:52,635 - FeatureDistillation - INFO - Platform: Books, Epoch: 9, Train Loss: 0.191636, Val Loss: 0.193449
2026-03-23 14:48:52,809 - FeatureDistillation - INFO - Platform: Books, Epoch: 10, Train Loss: 0.191102, Val Loss: 0.193409
2026-03-23 14:48:52,982 - FeatureDistillation - INFO - Platform: Books, Epoch: 11, Train Loss: 0.190065, Val Loss: 0.193405
2026-03-23 14:48:53,184 - FeatureDistillation - INFO - Platform: Books, Epoch: 12, Train Loss: 0.190956, Val Loss: 0.192615
2026-03-23 14:48:53,368 - FeatureDistillation - INFO - Platform: Books, Epoch: 13, Train Loss: 0.189284, Val Loss: 0.195425
2026-03-23 14:48:53,551 - FeatureDistillation - INFO - Platform: Books, Epoch: 14, Train Loss: 0.191102, Val Loss: 0.193757
2026-03-23 14:48:53,736 - FeatureDistillation - INFO - Platform: Books, Epoch: 15, Train Loss: 0.190078, Val Loss: 0.193460
2026-03-23 14:48:53,916 - FeatureDistillation - INFO - Platform: Books, Epoch: 16, Train Loss: 0.189551, Val Loss: 0.194079
2026-03-23 14:48:54,100 - FeatureDistillation - INFO - Platform: Books, Epoch: 17, Train Loss: 0.189293, Val Loss: 0.192284
2026-03-23 14:48:54,284 - FeatureDistillation - INFO - Platform: Books, Epoch: 18, Train Loss: 0.189846, Val Loss: 0.192499
2026-03-23 14:48:54,468 - FeatureDistillation - INFO - Platform: Books, Epoch: 19, Train Loss: 0.189306, Val Loss: 0.192351
2026-03-23 14:48:54,659 - FeatureDistillation - INFO - Platform: Books, Epoch: 20, Train Loss: 0.190225, Val Loss: 0.194415
2026-03-23 14:48:54,842 - FeatureDistillation - INFO - Platform: Books, Epoch: 21, Train Loss: 0.188930, Val Loss: 0.193548
2026-03-23 14:48:55,040 - FeatureDistillation - INFO - Platform: Books, Epoch: 22, Train Loss: 0.189803, Val Loss: 0.193440
2026-03-23 14:48:55,228 - FeatureDistillation - INFO - Platform: Books, Epoch: 23, Train Loss: 0.188725, Val Loss: 0.192551
2026-03-23 14:48:55,409 - FeatureDistillation - INFO - Platform: Books, Epoch: 24, Train Loss: 0.188637, Val Loss: 0.192337
2026-03-23 14:48:55,574 - FeatureDistillation - INFO - Early stopping at epoch 25 for Books!
2026-03-23 14:48:55,804 - FeatureDistillation - INFO - Platform Books evaluation metrics: {'AUC': 0.6948141131896756, 'F1-score': 0.6312997347480106}
2026-03-23 14:48:56,009 - FeatureDistillation - INFO - Platform: Electronics, Epoch: 1, Train Loss: 0.250645, Val Loss: 0.218501
2026-03-23 14:48:56,215 - FeatureDistillation - INFO - Platform: Electronics, Epoch: 2, Train Loss: 0.212756, Val Loss: 0.200824
2026-03-23 14:48:56,418 - FeatureDistillation - INFO - Platform: Electronics, Epoch: 3, Train Loss: 0.198323, Val Loss: 0.188573
2026-03-23 14:48:56,625 - FeatureDistillation - INFO - Platform: Electronics, Epoch: 4, Train Loss: 0.193226, Val Loss: 0.187772
2026-03-23 14:48:56,824 - FeatureDistillation - INFO - Platform: Electronics, Epoch: 5, Train Loss: 0.192278, Val Loss: 0.185259
2026-03-23 14:48:57,023 - FeatureDistillation - INFO - Platform: Electronics, Epoch: 6, Train Loss: 0.190431, Val Loss: 0.183047
2026-03-23 14:48:57,223 - FeatureDistillation - INFO - Platform: Electronics, Epoch: 7, Train Loss: 0.188643, Val Loss: 0.182796
2026-03-23 14:48:57,424 - FeatureDistillation - INFO - Platform: Electronics, Epoch: 8, Train Loss: 0.187308, Val Loss: 0.182089
2026-03-23 14:48:57,623 - FeatureDistillation - INFO - Platform: Electronics, Epoch: 9, Train Loss: 0.186974, Val Loss: 0.181865
2026-03-23 14:48:57,824 - FeatureDistillation - INFO - Platform: Electronics, Epoch: 10, Train Loss: 0.185913, Val Loss: 0.179804
2026-03-23 14:48:58,019 - FeatureDistillation - INFO - Platform: Electronics, Epoch: 11, Train Loss: 0.187122, Val Loss: 0.180188
2026-03-23 14:48:58,215 - FeatureDistillation - INFO - Platform: Electronics, Epoch: 12, Train Loss: 0.186087, Val Loss: 0.180339
2026-03-23 14:48:58,417 - FeatureDistillation - INFO - Platform: Electronics, Epoch: 13, Train Loss: 0.184647, Val Loss: 0.180451
2026-03-23 14:48:58,618 - FeatureDistillation - INFO - Platform: Electronics, Epoch: 14, Train Loss: 0.185475, Val Loss: 0.181077
2026-03-23 14:48:58,840 - FeatureDistillation - INFO - Platform: Electronics, Epoch: 15, Train Loss: 0.186068, Val Loss: 0.179917
2026-03-23 14:48:59,037 - FeatureDistillation - INFO - Platform: Electronics, Epoch: 16, Train Loss: 0.184558, Val Loss: 0.180216
2026-03-23 14:48:59,226 - FeatureDistillation - INFO - Platform: Electronics, Epoch: 17, Train Loss: 0.183728, Val Loss: 0.179138
2026-03-23 14:48:59,420 - FeatureDistillation - INFO - Platform: Electronics, Epoch: 18, Train Loss: 0.182888, Val Loss: 0.178027
2026-03-23 14:48:59,615 - FeatureDistillation - INFO - Platform: Electronics, Epoch: 19, Train Loss: 0.183139, Val Loss: 0.177932
2026-03-23 14:48:59,802 - FeatureDistillation - INFO - Platform: Electronics, Epoch: 20, Train Loss: 0.182665, Val Loss: 0.177477
2026-03-23 14:48:59,986 - FeatureDistillation - INFO - Platform: Electronics, Epoch: 21, Train Loss: 0.181340, Val Loss: 0.177884
2026-03-23 14:49:00,182 - FeatureDistillation - INFO - Platform: Electronics, Epoch: 22, Train Loss: 0.182448, Val Loss: 0.180385
2026-03-23 14:49:00,348 - FeatureDistillation - INFO - Platform: Electronics, Epoch: 23, Train Loss: 0.183551, Val Loss: 0.179914
2026-03-23 14:49:00,509 - FeatureDistillation - INFO - Platform: Electronics, Epoch: 24, Train Loss: 0.182590, Val Loss: 0.177526
2026-03-23 14:49:00,675 - FeatureDistillation - INFO - Platform: Electronics, Epoch: 25, Train Loss: 0.181287, Val Loss: 0.180334
2026-03-23 14:49:00,839 - FeatureDistillation - INFO - Platform: Electronics, Epoch: 26, Train Loss: 0.181870, Val Loss: 0.177589
2026-03-23 14:49:01,007 - FeatureDistillation - INFO - Platform: Electronics, Epoch: 27, Train Loss: 0.179962, Val Loss: 0.178127
2026-03-23 14:49:01,173 - FeatureDistillation - INFO - Platform: Electronics, Epoch: 28, Train Loss: 0.180717, Val Loss: 0.177219
2026-03-23 14:49:01,329 - FeatureDistillation - INFO - Platform: Electronics, Epoch: 29, Train Loss: 0.181566, Val Loss: 0.178933
2026-03-23 14:49:01,494 - FeatureDistillation - INFO - Platform: Electronics, Epoch: 30, Train Loss: 0.181109, Val Loss: 0.177082
2026-03-23 14:49:01,661 - FeatureDistillation - INFO - Platform: Electronics, Epoch: 31, Train Loss: 0.179905, Val Loss: 0.176912
2026-03-23 14:49:01,825 - FeatureDistillation - INFO - Platform: Electronics, Epoch: 32, Train Loss: 0.181300, Val Loss: 0.177185
2026-03-23 14:49:01,994 - FeatureDistillation - INFO - Platform: Electronics, Epoch: 33, Train Loss: 0.181148, Val Loss: 0.176996
2026-03-23 14:49:02,155 - FeatureDistillation - INFO - Platform: Electronics, Epoch: 34, Train Loss: 0.180398, Val Loss: 0.176864
2026-03-23 14:49:02,313 - FeatureDistillation - INFO - Platform: Electronics, Epoch: 35, Train Loss: 0.180059, Val Loss: 0.177073
2026-03-23 14:49:02,476 - FeatureDistillation - INFO - Platform: Electronics, Epoch: 36, Train Loss: 0.179919, Val Loss: 0.177660
2026-03-23 14:49:02,652 - FeatureDistillation - INFO - Platform: Electronics, Epoch: 37, Train Loss: 0.179630, Val Loss: 0.176982
2026-03-23 14:49:02,851 - FeatureDistillation - INFO - Platform: Electronics, Epoch: 38, Train Loss: 0.180603, Val Loss: 0.177411
2026-03-23 14:49:03,051 - FeatureDistillation - INFO - Platform: Electronics, Epoch: 39, Train Loss: 0.181483, Val Loss: 0.177652
2026-03-23 14:49:03,239 - FeatureDistillation - INFO - Platform: Electronics, Epoch: 40, Train Loss: 0.179797, Val Loss: 0.176930
2026-03-23 14:49:03,439 - FeatureDistillation - INFO - Platform: Electronics, Epoch: 41, Train Loss: 0.180121, Val Loss: 0.177034
2026-03-23 14:49:03,627 - FeatureDistillation - INFO - Early stopping at epoch 42 for Electronics!
2026-03-23 14:49:03,857 - FeatureDistillation - INFO - Platform Electronics evaluation metrics: {'AUC': 0.7390836782728676, 'F1-score': 0.6731234866828087}
2026-03-23 14:49:04,068 - FeatureDistillation - INFO - Platform: Clothing, Epoch: 1, Train Loss: 0.246992, Val Loss: 0.219968
2026-03-23 14:49:04,258 - FeatureDistillation - INFO - Platform: Clothing, Epoch: 2, Train Loss: 0.214834, Val Loss: 0.204931
2026-03-23 14:49:04,457 - FeatureDistillation - INFO - Platform: Clothing, Epoch: 3, Train Loss: 0.206529, Val Loss: 0.198265
2026-03-23 14:49:04,652 - FeatureDistillation - INFO - Platform: Clothing, Epoch: 4, Train Loss: 0.204087, Val Loss: 0.198415
2026-03-23 14:49:04,858 - FeatureDistillation - INFO - Platform: Clothing, Epoch: 5, Train Loss: 0.203037, Val Loss: 0.198399
2026-03-23 14:49:05,052 - FeatureDistillation - INFO - Platform: Clothing, Epoch: 6, Train Loss: 0.204834, Val Loss: 0.196763
2026-03-23 14:49:05,257 - FeatureDistillation - INFO - Platform: Clothing, Epoch: 7, Train Loss: 0.202207, Val Loss: 0.196916
2026-03-23 14:49:05,451 - FeatureDistillation - INFO - Platform: Clothing, Epoch: 8, Train Loss: 0.202711, Val Loss: 0.196987
2026-03-23 14:49:05,657 - FeatureDistillation - INFO - Platform: Clothing, Epoch: 9, Train Loss: 0.202935, Val Loss: 0.195535
2026-03-23 14:49:05,864 - FeatureDistillation - INFO - Platform: Clothing, Epoch: 10, Train Loss: 0.203152, Val Loss: 0.196123
2026-03-23 14:49:06,057 - FeatureDistillation - INFO - Platform: Clothing, Epoch: 11, Train Loss: 0.202097, Val Loss: 0.196239
2026-03-23 14:49:06,263 - FeatureDistillation - INFO - Platform: Clothing, Epoch: 12, Train Loss: 0.201383, Val Loss: 0.195494
2026-03-23 14:49:06,470 - FeatureDistillation - INFO - Platform: Clothing, Epoch: 13, Train Loss: 0.201602, Val Loss: 0.197843
2026-03-23 14:49:06,669 - FeatureDistillation - INFO - Platform: Clothing, Epoch: 14, Train Loss: 0.202177, Val Loss: 0.195381
2026-03-23 14:49:06,858 - FeatureDistillation - INFO - Platform: Clothing, Epoch: 15, Train Loss: 0.201865, Val Loss: 0.196272
2026-03-23 14:49:07,052 - FeatureDistillation - INFO - Platform: Clothing, Epoch: 16, Train Loss: 0.200846, Val Loss: 0.196706
2026-03-23 14:49:07,233 - FeatureDistillation - INFO - Platform: Clothing, Epoch: 17, Train Loss: 0.200745, Val Loss: 0.196110
2026-03-23 14:49:07,403 - FeatureDistillation - INFO - Platform: Clothing, Epoch: 18, Train Loss: 0.201033, Val Loss: 0.195616
2026-03-23 14:49:07,579 - FeatureDistillation - INFO - Platform: Clothing, Epoch: 19, Train Loss: 0.201501, Val Loss: 0.195603
2026-03-23 14:49:07,753 - FeatureDistillation - INFO - Platform: Clothing, Epoch: 20, Train Loss: 0.201749, Val Loss: 0.195320
2026-03-23 14:49:07,967 - FeatureDistillation - INFO - Platform: Clothing, Epoch: 21, Train Loss: 0.201089, Val Loss: 0.196089
2026-03-23 14:49:08,172 - FeatureDistillation - INFO - Platform: Clothing, Epoch: 22, Train Loss: 0.201511, Val Loss: 0.195512
2026-03-23 14:49:08,379 - FeatureDistillation - INFO - Platform: Clothing, Epoch: 23, Train Loss: 0.201603, Val Loss: 0.195529
2026-03-23 14:49:08,579 - FeatureDistillation - INFO - Platform: Clothing, Epoch: 24, Train Loss: 0.200387, Val Loss: 0.194515
2026-03-23 14:49:08,791 - FeatureDistillation - INFO - Platform: Clothing, Epoch: 25, Train Loss: 0.200911, Val Loss: 0.198369
2026-03-23 14:49:08,997 - FeatureDistillation - INFO - Platform: Clothing, Epoch: 26, Train Loss: 0.199920, Val Loss: 0.195518
2026-03-23 14:49:09,203 - FeatureDistillation - INFO - Platform: Clothing, Epoch: 27, Train Loss: 0.200801, Val Loss: 0.195860
2026-03-23 14:49:09,435 - FeatureDistillation - INFO - Platform: Clothing, Epoch: 28, Train Loss: 0.199569, Val Loss: 0.194668
2026-03-23 14:49:09,631 - FeatureDistillation - INFO - Platform: Clothing, Epoch: 29, Train Loss: 0.200210, Val Loss: 0.194484
2026-03-23 14:49:09,827 - FeatureDistillation - INFO - Platform: Clothing, Epoch: 30, Train Loss: 0.199932, Val Loss: 0.194973
2026-03-23 14:49:10,035 - FeatureDistillation - INFO - Platform: Clothing, Epoch: 31, Train Loss: 0.199377, Val Loss: 0.194730
2026-03-23 14:49:10,252 - FeatureDistillation - INFO - Platform: Clothing, Epoch: 32, Train Loss: 0.199857, Val Loss: 0.194913
2026-03-23 14:49:10,451 - FeatureDistillation - INFO - Platform: Clothing, Epoch: 33, Train Loss: 0.200329, Val Loss: 0.195071
2026-03-23 14:49:10,640 - FeatureDistillation - INFO - Platform: Clothing, Epoch: 34, Train Loss: 0.199817, Val Loss: 0.195193
2026-03-23 14:49:10,822 - FeatureDistillation - INFO - Platform: Clothing, Epoch: 35, Train Loss: 0.199795, Val Loss: 0.194720
2026-03-23 14:49:10,998 - FeatureDistillation - INFO - Platform: Clothing, Epoch: 36, Train Loss: 0.199256, Val Loss: 0.194520
2026-03-23 14:49:11,173 - FeatureDistillation - INFO - Early stopping at epoch 37 for Clothing!
2026-03-23 14:49:11,415 - FeatureDistillation - INFO - Platform Clothing evaluation metrics: {'AUC': 0.6728363465121516, 'F1-score': 0.5936739659367397}
2026-03-23 14:49:11,421 - FeatureDistillation - INFO - Ablation experiment completed!
2026-03-23 14:49:11,421 - FeatureDistillation - INFO - Running hyperparam sensitivity analysis for α=0.5
2026-03-23 14:49:11,579 - FeatureDistillation - INFO - Platform: Books, Epoch: 1, Train Loss: 0.378346, Val Loss: 0.329253
2026-03-23 14:49:11,746 - FeatureDistillation - INFO - Platform: Books, Epoch: 2, Train Loss: 0.330304, Val Loss: 0.321570
2026-03-23 14:49:11,906 - FeatureDistillation - INFO - Platform: Books, Epoch: 3, Train Loss: 0.322034, Val Loss: 0.321117
2026-03-23 14:49:12,057 - FeatureDistillation - INFO - Platform: Books, Epoch: 4, Train Loss: 0.320689, Val Loss: 0.321202
2026-03-23 14:49:12,203 - FeatureDistillation - INFO - Platform: Books, Epoch: 5, Train Loss: 0.316939, Val Loss: 0.321200
2026-03-23 14:49:12,355 - FeatureDistillation - INFO - Platform: Books, Epoch: 6, Train Loss: 0.318978, Val Loss: 0.320849
2026-03-23 14:49:12,512 - FeatureDistillation - INFO - Platform: Books, Epoch: 7, Train Loss: 0.317019, Val Loss: 0.321162
2026-03-23 14:49:12,675 - FeatureDistillation - INFO - Platform: Books, Epoch: 8, Train Loss: 0.317517, Val Loss: 0.320030
2026-03-23 14:49:12,833 - FeatureDistillation - INFO - Platform: Books, Epoch: 9, Train Loss: 0.317570, Val Loss: 0.320312
2026-03-23 14:49:12,997 - FeatureDistillation - INFO - Platform: Books, Epoch: 10, Train Loss: 0.316286, Val Loss: 0.319069
2026-03-23 14:49:13,154 - FeatureDistillation - INFO - Platform: Books, Epoch: 11, Train Loss: 0.314472, Val Loss: 0.320606
2026-03-23 14:49:13,306 - FeatureDistillation - INFO - Platform: Books, Epoch: 12, Train Loss: 0.314215, Val Loss: 0.320026
2026-03-23 14:49:13,458 - FeatureDistillation - INFO - Platform: Books, Epoch: 13, Train Loss: 0.314378, Val Loss: 0.324375
2026-03-23 14:49:13,609 - FeatureDistillation - INFO - Platform: Books, Epoch: 14, Train Loss: 0.316126, Val Loss: 0.323621
2026-03-23 14:49:13,766 - FeatureDistillation - INFO - Platform: Books, Epoch: 15, Train Loss: 0.314612, Val Loss: 0.319065
2026-03-23 14:49:13,930 - FeatureDistillation - INFO - Platform: Books, Epoch: 16, Train Loss: 0.312307, Val Loss: 0.318292
2026-03-23 14:49:14,088 - FeatureDistillation - INFO - Platform: Books, Epoch: 17, Train Loss: 0.312420, Val Loss: 0.319215
2026-03-23 14:49:14,245 - FeatureDistillation - INFO - Platform: Books, Epoch: 18, Train Loss: 0.314653, Val Loss: 0.319933
2026-03-23 14:49:14,403 - FeatureDistillation - INFO - Platform: Books, Epoch: 19, Train Loss: 0.315089, Val Loss: 0.318173
2026-03-23 14:49:14,561 - FeatureDistillation - INFO - Platform: Books, Epoch: 20, Train Loss: 0.313059, Val Loss: 0.318843
2026-03-23 14:49:14,712 - FeatureDistillation - INFO - Platform: Books, Epoch: 21, Train Loss: 0.313873, Val Loss: 0.320360
2026-03-23 14:49:14,858 - FeatureDistillation - INFO - Platform: Books, Epoch: 22, Train Loss: 0.313409, Val Loss: 0.320615
2026-03-23 14:49:15,003 - FeatureDistillation - INFO - Platform: Books, Epoch: 23, Train Loss: 0.312885, Val Loss: 0.319333
2026-03-23 14:49:15,166 - FeatureDistillation - INFO - Platform: Books, Epoch: 24, Train Loss: 0.313633, Val Loss: 0.317884
2026-03-23 14:49:15,318 - FeatureDistillation - INFO - Platform: Books, Epoch: 25, Train Loss: 0.312325, Val Loss: 0.318901
2026-03-23 14:49:15,473 - FeatureDistillation - INFO - Platform: Books, Epoch: 26, Train Loss: 0.312955, Val Loss: 0.322714
2026-03-23 14:49:15,616 - FeatureDistillation - INFO - Platform: Books, Epoch: 27, Train Loss: 0.310771, Val Loss: 0.320262
2026-03-23 14:49:15,772 - FeatureDistillation - INFO - Platform: Books, Epoch: 28, Train Loss: 0.311964, Val Loss: 0.318465
2026-03-23 14:49:15,918 - FeatureDistillation - INFO - Platform: Books, Epoch: 29, Train Loss: 0.313442, Val Loss: 0.318042
2026-03-23 14:49:16,075 - FeatureDistillation - INFO - Platform: Books, Epoch: 30, Train Loss: 0.312466, Val Loss: 0.317418
2026-03-23 14:49:16,233 - FeatureDistillation - INFO - Platform: Books, Epoch: 31, Train Loss: 0.311433, Val Loss: 0.317449
2026-03-23 14:49:16,391 - FeatureDistillation - INFO - Platform: Books, Epoch: 32, Train Loss: 0.314719, Val Loss: 0.316814
2026-03-23 14:49:16,543 - FeatureDistillation - INFO - Platform: Books, Epoch: 33, Train Loss: 0.311729, Val Loss: 0.320430
2026-03-23 14:49:16,694 - FeatureDistillation - INFO - Platform: Books, Epoch: 34, Train Loss: 0.312812, Val Loss: 0.318204
2026-03-23 14:49:16,853 - FeatureDistillation - INFO - Platform: Books, Epoch: 35, Train Loss: 0.312263, Val Loss: 0.317639
2026-03-23 14:49:17,003 - FeatureDistillation - INFO - Platform: Books, Epoch: 36, Train Loss: 0.309944, Val Loss: 0.317582
2026-03-23 14:49:17,161 - FeatureDistillation - INFO - Platform: Books, Epoch: 37, Train Loss: 0.312571, Val Loss: 0.319592
2026-03-23 14:49:17,318 - FeatureDistillation - INFO - Platform: Books, Epoch: 38, Train Loss: 0.311582, Val Loss: 0.321061
2026-03-23 14:49:17,458 - FeatureDistillation - INFO - Platform: Books, Epoch: 39, Train Loss: 0.311236, Val Loss: 0.319143
2026-03-23 14:49:17,609 - FeatureDistillation - INFO - Early stopping at epoch 40 for Books!
2026-03-23 14:49:17,906 - FeatureDistillation - INFO - Platform Books evaluation metrics: {'AUC': 0.6987686478806536, 'F1-score': 0.6449999999999999}
2026-03-23 14:49:18,076 - FeatureDistillation - INFO - Platform: Electronics, Epoch: 1, Train Loss: 0.384940, Val Loss: 0.349927
2026-03-23 14:49:18,233 - FeatureDistillation - INFO - Platform: Electronics, Epoch: 2, Train Loss: 0.337500, Val Loss: 0.317446
2026-03-23 14:49:18,415 - FeatureDistillation - INFO - Platform: Electronics, Epoch: 3, Train Loss: 0.324280, Val Loss: 0.309844
2026-03-23 14:49:18,573 - FeatureDistillation - INFO - Platform: Electronics, Epoch: 4, Train Loss: 0.320366, Val Loss: 0.317326
2026-03-23 14:49:18,736 - FeatureDistillation - INFO - Platform: Electronics, Epoch: 5, Train Loss: 0.316033, Val Loss: 0.308444
2026-03-23 14:49:18,897 - FeatureDistillation - INFO - Platform: Electronics, Epoch: 6, Train Loss: 0.311709, Val Loss: 0.309935
2026-03-23 14:49:19,064 - FeatureDistillation - INFO - Platform: Electronics, Epoch: 7, Train Loss: 0.313794, Val Loss: 0.300931
2026-03-23 14:49:19,233 - FeatureDistillation - INFO - Platform: Electronics, Epoch: 8, Train Loss: 0.310809, Val Loss: 0.299286
2026-03-23 14:49:19,397 - FeatureDistillation - INFO - Platform: Electronics, Epoch: 9, Train Loss: 0.310826, Val Loss: 0.301986
2026-03-23 14:49:19,560 - FeatureDistillation - INFO - Platform: Electronics, Epoch: 10, Train Loss: 0.308638, Val Loss: 0.299957
2026-03-23 14:49:19,724 - FeatureDistillation - INFO - Platform: Electronics, Epoch: 11, Train Loss: 0.306931, Val Loss: 0.297097
2026-03-23 14:49:19,887 - FeatureDistillation - INFO - Platform: Electronics, Epoch: 12, Train Loss: 0.305749, Val Loss: 0.297473
2026-03-23 14:49:20,051 - FeatureDistillation - INFO - Platform: Electronics, Epoch: 13, Train Loss: 0.305448, Val Loss: 0.296393
2026-03-23 14:49:20,208 - FeatureDistillation - INFO - Platform: Electronics, Epoch: 14, Train Loss: 0.303672, Val Loss: 0.299787
2026-03-23 14:49:20,372 - FeatureDistillation - INFO - Platform: Electronics, Epoch: 15, Train Loss: 0.303200, Val Loss: 0.296572
2026-03-23 14:49:20,530 - FeatureDistillation - INFO - Platform: Electronics, Epoch: 16, Train Loss: 0.303996, Val Loss: 0.297410
2026-03-23 14:49:20,694 - FeatureDistillation - INFO - Platform: Electronics, Epoch: 17, Train Loss: 0.305459, Val Loss: 0.295732
2026-03-23 14:49:20,863 - FeatureDistillation - INFO - Platform: Electronics, Epoch: 18, Train Loss: 0.302677, Val Loss: 0.295031
2026-03-23 14:49:21,017 - FeatureDistillation - INFO - Platform: Electronics, Epoch: 19, Train Loss: 0.302591, Val Loss: 0.296621
2026-03-23 14:49:21,184 - FeatureDistillation - INFO - Platform: Electronics, Epoch: 20, Train Loss: 0.303288, Val Loss: 0.301748
2026-03-23 14:49:21,349 - FeatureDistillation - INFO - Platform: Electronics, Epoch: 21, Train Loss: 0.303465, Val Loss: 0.294296
2026-03-23 14:49:21,518 - FeatureDistillation - INFO - Platform: Electronics, Epoch: 22, Train Loss: 0.300789, Val Loss: 0.293608
2026-03-23 14:49:21,681 - FeatureDistillation - INFO - Platform: Electronics, Epoch: 23, Train Loss: 0.301058, Val Loss: 0.294914
2026-03-23 14:49:21,846 - FeatureDistillation - INFO - Platform: Electronics, Epoch: 24, Train Loss: 0.298921, Val Loss: 0.295130
2026-03-23 14:49:22,003 - FeatureDistillation - INFO - Platform: Electronics, Epoch: 25, Train Loss: 0.298461, Val Loss: 0.293717
2026-03-23 14:49:22,160 - FeatureDistillation - INFO - Platform: Electronics, Epoch: 26, Train Loss: 0.298856, Val Loss: 0.293448
2026-03-23 14:49:22,324 - FeatureDistillation - INFO - Platform: Electronics, Epoch: 27, Train Loss: 0.297482, Val Loss: 0.294192
2026-03-23 14:49:22,481 - FeatureDistillation - INFO - Platform: Electronics, Epoch: 28, Train Loss: 0.299762, Val Loss: 0.294214
2026-03-23 14:49:22,639 - FeatureDistillation - INFO - Platform: Electronics, Epoch: 29, Train Loss: 0.300133, Val Loss: 0.295203
2026-03-23 14:49:22,803 - FeatureDistillation - INFO - Platform: Electronics, Epoch: 30, Train Loss: 0.297698, Val Loss: 0.296617
2026-03-23 14:49:22,973 - FeatureDistillation - INFO - Platform: Electronics, Epoch: 31, Train Loss: 0.297576, Val Loss: 0.307352
2026-03-23 14:49:23,142 - FeatureDistillation - INFO - Platform: Electronics, Epoch: 32, Train Loss: 0.298091, Val Loss: 0.304134
2026-03-23 14:49:23,299 - FeatureDistillation - INFO - Platform: Electronics, Epoch: 33, Train Loss: 0.297330, Val Loss: 0.294435
2026-03-23 14:49:23,463 - FeatureDistillation - INFO - Early stopping at epoch 34 for Electronics!
2026-03-23 14:49:23,694 - FeatureDistillation - INFO - Platform Electronics evaluation metrics: {'AUC': 0.745982468955442, 'F1-score': 0.6697038724373576}
2026-03-23 14:49:23,863 - FeatureDistillation - INFO - Platform: Clothing, Epoch: 1, Train Loss: 0.381859, Val Loss: 0.352757
2026-03-23 14:49:24,021 - FeatureDistillation - INFO - Platform: Clothing, Epoch: 2, Train Loss: 0.351451, Val Loss: 0.342984
2026-03-23 14:49:24,184 - FeatureDistillation - INFO - Platform: Clothing, Epoch: 3, Train Loss: 0.343334, Val Loss: 0.334787
2026-03-23 14:49:24,360 - FeatureDistillation - INFO - Platform: Clothing, Epoch: 4, Train Loss: 0.339188, Val Loss: 0.331675
2026-03-23 14:49:24,524 - FeatureDistillation - INFO - Platform: Clothing, Epoch: 5, Train Loss: 0.337725, Val Loss: 0.325443
2026-03-23 14:49:24,682 - FeatureDistillation - INFO - Platform: Clothing, Epoch: 6, Train Loss: 0.336213, Val Loss: 0.325986
2026-03-23 14:49:24,851 - FeatureDistillation - INFO - Platform: Clothing, Epoch: 7, Train Loss: 0.333954, Val Loss: 0.324330
2026-03-23 14:49:25,017 - FeatureDistillation - INFO - Platform: Clothing, Epoch: 8, Train Loss: 0.334671, Val Loss: 0.324179
2026-03-23 14:49:25,178 - FeatureDistillation - INFO - Platform: Clothing, Epoch: 9, Train Loss: 0.333665, Val Loss: 0.323799
2026-03-23 14:49:25,342 - FeatureDistillation - INFO - Platform: Clothing, Epoch: 10, Train Loss: 0.333459, Val Loss: 0.323660
2026-03-23 14:49:25,505 - FeatureDistillation - INFO - Platform: Clothing, Epoch: 11, Train Loss: 0.333456, Val Loss: 0.325002
2026-03-23 14:49:25,657 - FeatureDistillation - INFO - Platform: Clothing, Epoch: 12, Train Loss: 0.334363, Val Loss: 0.324931
2026-03-23 14:49:25,820 - FeatureDistillation - INFO - Platform: Clothing, Epoch: 13, Train Loss: 0.334798, Val Loss: 0.325643
2026-03-23 14:49:25,979 - FeatureDistillation - INFO - Platform: Clothing, Epoch: 14, Train Loss: 0.333289, Val Loss: 0.325985
2026-03-23 14:49:26,143 - FeatureDistillation - INFO - Platform: Clothing, Epoch: 15, Train Loss: 0.333777, Val Loss: 0.324787
2026-03-23 14:49:26,305 - FeatureDistillation - INFO - Platform: Clothing, Epoch: 16, Train Loss: 0.334476, Val Loss: 0.324635
2026-03-23 14:49:26,476 - FeatureDistillation - INFO - Platform: Clothing, Epoch: 17, Train Loss: 0.333730, Val Loss: 0.324335
2026-03-23 14:49:26,639 - FeatureDistillation - INFO - Early stopping at epoch 18 for Clothing!
2026-03-23 14:49:26,867 - FeatureDistillation - INFO - Platform Clothing evaluation metrics: {'AUC': 0.6743924162076944, 'F1-score': 0.5870646766169154}
2026-03-23 14:49:26,867 - FeatureDistillation - INFO - Running hyperparam sensitivity analysis for α=0.6
2026-03-23 14:49:27,019 - FeatureDistillation - INFO - Platform: Books, Epoch: 1, Train Loss: 0.316680, Val Loss: 0.272593
2026-03-23 14:49:27,178 - FeatureDistillation - INFO - Platform: Books, Epoch: 2, Train Loss: 0.269560, Val Loss: 0.259588
2026-03-23 14:49:27,324 - FeatureDistillation - INFO - Platform: Books, Epoch: 3, Train Loss: 0.260286, Val Loss: 0.262393
2026-03-23 14:49:27,481 - FeatureDistillation - INFO - Platform: Books, Epoch: 4, Train Loss: 0.258155, Val Loss: 0.258588
2026-03-23 14:49:27,632 - FeatureDistillation - INFO - Platform: Books, Epoch: 5, Train Loss: 0.256128, Val Loss: 0.259520
2026-03-23 14:49:27,784 - FeatureDistillation - INFO - Platform: Books, Epoch: 6, Train Loss: 0.255370, Val Loss: 0.257922
2026-03-23 14:49:27,936 - FeatureDistillation - INFO - Platform: Books, Epoch: 7, Train Loss: 0.254672, Val Loss: 0.257686
2026-03-23 14:49:28,075 - FeatureDistillation - INFO - Platform: Books, Epoch: 8, Train Loss: 0.253430, Val Loss: 0.258448
2026-03-23 14:49:28,222 - FeatureDistillation - INFO - Platform: Books, Epoch: 9, Train Loss: 0.253404, Val Loss: 0.258395
2026-03-23 14:49:28,372 - FeatureDistillation - INFO - Platform: Books, Epoch: 10, Train Loss: 0.253092, Val Loss: 0.258111
2026-03-23 14:49:28,530 - FeatureDistillation - INFO - Platform: Books, Epoch: 11, Train Loss: 0.253267, Val Loss: 0.257094
2026-03-23 14:49:28,682 - FeatureDistillation - INFO - Platform: Books, Epoch: 12, Train Loss: 0.250535, Val Loss: 0.258365
2026-03-23 14:49:28,845 - FeatureDistillation - INFO - Platform: Books, Epoch: 13, Train Loss: 0.252288, Val Loss: 0.255589
2026-03-23 14:49:28,997 - FeatureDistillation - INFO - Platform: Books, Epoch: 14, Train Loss: 0.252123, Val Loss: 0.255888
2026-03-23 14:49:29,148 - FeatureDistillation - INFO - Platform: Books, Epoch: 15, Train Loss: 0.251454, Val Loss: 0.256160
2026-03-23 14:49:29,299 - FeatureDistillation - INFO - Platform: Books, Epoch: 16, Train Loss: 0.251725, Val Loss: 0.256077
2026-03-23 14:49:29,457 - FeatureDistillation - INFO - Platform: Books, Epoch: 17, Train Loss: 0.252508, Val Loss: 0.255331
2026-03-23 14:49:29,603 - FeatureDistillation - INFO - Platform: Books, Epoch: 18, Train Loss: 0.251599, Val Loss: 0.256589
2026-03-23 14:49:29,760 - FeatureDistillation - INFO - Platform: Books, Epoch: 19, Train Loss: 0.251742, Val Loss: 0.255705
2026-03-23 14:49:29,912 - FeatureDistillation - INFO - Platform: Books, Epoch: 20, Train Loss: 0.250544, Val Loss: 0.256613
2026-03-23 14:49:30,064 - FeatureDistillation - INFO - Platform: Books, Epoch: 21, Train Loss: 0.250484, Val Loss: 0.255799
2026-03-23 14:49:30,208 - FeatureDistillation - INFO - Platform: Books, Epoch: 22, Train Loss: 0.252909, Val Loss: 0.259176
2026-03-23 14:49:30,357 - FeatureDistillation - INFO - Platform: Books, Epoch: 23, Train Loss: 0.251178, Val Loss: 0.257197
2026-03-23 14:49:30,511 - FeatureDistillation - INFO - Platform: Books, Epoch: 24, Train Loss: 0.248843, Val Loss: 0.256006
2026-03-23 14:49:30,663 - FeatureDistillation - INFO - Early stopping at epoch 25 for Books!
2026-03-23 14:49:30,894 - FeatureDistillation - INFO - Platform Books evaluation metrics: {'AUC': 0.6966848212171441, 'F1-score': 0.6443298969072165}
2026-03-23 14:49:31,069 - FeatureDistillation - INFO - Platform: Electronics, Epoch: 1, Train Loss: 0.324755, Val Loss: 0.281887
2026-03-23 14:49:31,240 - FeatureDistillation - INFO - Platform: Electronics, Epoch: 2, Train Loss: 0.273754, Val Loss: 0.262311
2026-03-23 14:49:31,402 - FeatureDistillation - INFO - Platform: Electronics, Epoch: 3, Train Loss: 0.262379, Val Loss: 0.249258
2026-03-23 14:49:31,572 - FeatureDistillation - INFO - Platform: Electronics, Epoch: 4, Train Loss: 0.256117, Val Loss: 0.246257
2026-03-23 14:49:31,736 - FeatureDistillation - INFO - Platform: Electronics, Epoch: 5, Train Loss: 0.252517, Val Loss: 0.243778
2026-03-23 14:49:31,894 - FeatureDistillation - INFO - Platform: Electronics, Epoch: 6, Train Loss: 0.252098, Val Loss: 0.244639
2026-03-23 14:49:32,053 - FeatureDistillation - INFO - Platform: Electronics, Epoch: 7, Train Loss: 0.250589, Val Loss: 0.241840
2026-03-23 14:49:32,221 - FeatureDistillation - INFO - Platform: Electronics, Epoch: 8, Train Loss: 0.249357, Val Loss: 0.239596
2026-03-23 14:49:32,384 - FeatureDistillation - INFO - Platform: Electronics, Epoch: 9, Train Loss: 0.249939, Val Loss: 0.240159
2026-03-23 14:49:32,542 - FeatureDistillation - INFO - Platform: Electronics, Epoch: 10, Train Loss: 0.249076, Val Loss: 0.247634
2026-03-23 14:49:32,712 - FeatureDistillation - INFO - Platform: Electronics, Epoch: 11, Train Loss: 0.247131, Val Loss: 0.238558
2026-03-23 14:49:32,887 - FeatureDistillation - INFO - Platform: Electronics, Epoch: 12, Train Loss: 0.247029, Val Loss: 0.239569
2026-03-23 14:49:33,063 - FeatureDistillation - INFO - Platform: Electronics, Epoch: 13, Train Loss: 0.248148, Val Loss: 0.239184
2026-03-23 14:49:33,239 - FeatureDistillation - INFO - Platform: Electronics, Epoch: 14, Train Loss: 0.245361, Val Loss: 0.238379
2026-03-23 14:49:33,402 - FeatureDistillation - INFO - Platform: Electronics, Epoch: 15, Train Loss: 0.246118, Val Loss: 0.238317
2026-03-23 14:49:33,578 - FeatureDistillation - INFO - Platform: Electronics, Epoch: 16, Train Loss: 0.244306, Val Loss: 0.237829
2026-03-23 14:49:33,754 - FeatureDistillation - INFO - Platform: Electronics, Epoch: 17, Train Loss: 0.242931, Val Loss: 0.243663
2026-03-23 14:49:33,932 - FeatureDistillation - INFO - Platform: Electronics, Epoch: 18, Train Loss: 0.244703, Val Loss: 0.239011
2026-03-23 14:49:34,100 - FeatureDistillation - INFO - Platform: Electronics, Epoch: 19, Train Loss: 0.244034, Val Loss: 0.236352
2026-03-23 14:49:34,270 - FeatureDistillation - INFO - Platform: Electronics, Epoch: 20, Train Loss: 0.241425, Val Loss: 0.235859
2026-03-23 14:49:34,439 - FeatureDistillation - INFO - Platform: Electronics, Epoch: 21, Train Loss: 0.241654, Val Loss: 0.235832
2026-03-23 14:49:34,615 - FeatureDistillation - INFO - Platform: Electronics, Epoch: 22, Train Loss: 0.242149, Val Loss: 0.235011
2026-03-23 14:49:34,790 - FeatureDistillation - INFO - Platform: Electronics, Epoch: 23, Train Loss: 0.240163, Val Loss: 0.236293
2026-03-23 14:49:34,972 - FeatureDistillation - INFO - Platform: Electronics, Epoch: 24, Train Loss: 0.242569, Val Loss: 0.234917
2026-03-23 14:49:35,143 - FeatureDistillation - INFO - Platform: Electronics, Epoch: 25, Train Loss: 0.241522, Val Loss: 0.234241
2026-03-23 14:49:35,312 - FeatureDistillation - INFO - Platform: Electronics, Epoch: 26, Train Loss: 0.237895, Val Loss: 0.234936
2026-03-23 14:49:35,476 - FeatureDistillation - INFO - Platform: Electronics, Epoch: 27, Train Loss: 0.240206, Val Loss: 0.236940
2026-03-23 14:49:35,639 - FeatureDistillation - INFO - Platform: Electronics, Epoch: 28, Train Loss: 0.241527, Val Loss: 0.234698
2026-03-23 14:49:35,803 - FeatureDistillation - INFO - Platform: Electronics, Epoch: 29, Train Loss: 0.238626, Val Loss: 0.235314
2026-03-23 14:49:35,954 - FeatureDistillation - INFO - Platform: Electronics, Epoch: 30, Train Loss: 0.239942, Val Loss: 0.234630
2026-03-23 14:49:36,128 - FeatureDistillation - INFO - Platform: Electronics, Epoch: 31, Train Loss: 0.240745, Val Loss: 0.235660
2026-03-23 14:49:36,289 - FeatureDistillation - INFO - Platform: Electronics, Epoch: 32, Train Loss: 0.237833, Val Loss: 0.235988
2026-03-23 14:49:36,463 - FeatureDistillation - INFO - Early stopping at epoch 33 for Electronics!
2026-03-23 14:49:36,687 - FeatureDistillation - INFO - Platform Electronics evaluation metrics: {'AUC': 0.7457389822254687, 'F1-score': 0.671264367816092}
2026-03-23 14:49:36,865 - FeatureDistillation - INFO - Platform: Clothing, Epoch: 1, Train Loss: 0.316890, Val Loss: 0.284198
2026-03-23 14:49:37,033 - FeatureDistillation - INFO - Platform: Clothing, Epoch: 2, Train Loss: 0.284409, Val Loss: 0.277595
2026-03-23 14:49:37,203 - FeatureDistillation - INFO - Platform: Clothing, Epoch: 3, Train Loss: 0.275296, Val Loss: 0.264449
2026-03-23 14:49:37,372 - FeatureDistillation - INFO - Platform: Clothing, Epoch: 4, Train Loss: 0.270679, Val Loss: 0.261828
2026-03-23 14:49:37,535 - FeatureDistillation - INFO - Platform: Clothing, Epoch: 5, Train Loss: 0.270190, Val Loss: 0.262557
2026-03-23 14:49:37,689 - FeatureDistillation - INFO - Platform: Clothing, Epoch: 6, Train Loss: 0.268641, Val Loss: 0.260292
2026-03-23 14:49:37,847 - FeatureDistillation - INFO - Platform: Clothing, Epoch: 7, Train Loss: 0.269702, Val Loss: 0.261514
2026-03-23 14:49:38,015 - FeatureDistillation - INFO - Platform: Clothing, Epoch: 8, Train Loss: 0.269557, Val Loss: 0.261468
2026-03-23 14:49:38,182 - FeatureDistillation - INFO - Platform: Clothing, Epoch: 9, Train Loss: 0.268726, Val Loss: 0.263143
2026-03-23 14:49:38,342 - FeatureDistillation - INFO - Platform: Clothing, Epoch: 10, Train Loss: 0.269576, Val Loss: 0.260986
2026-03-23 14:49:38,495 - FeatureDistillation - INFO - Platform: Clothing, Epoch: 11, Train Loss: 0.269290, Val Loss: 0.260325
2026-03-23 14:49:38,663 - FeatureDistillation - INFO - Platform: Clothing, Epoch: 12, Train Loss: 0.267899, Val Loss: 0.259571
2026-03-23 14:49:38,820 - FeatureDistillation - INFO - Platform: Clothing, Epoch: 13, Train Loss: 0.268451, Val Loss: 0.260365
2026-03-23 14:49:38,985 - FeatureDistillation - INFO - Platform: Clothing, Epoch: 14, Train Loss: 0.267433, Val Loss: 0.260154
2026-03-23 14:49:39,148 - FeatureDistillation - INFO - Platform: Clothing, Epoch: 15, Train Loss: 0.268205, Val Loss: 0.259649
2026-03-23 14:49:39,312 - FeatureDistillation - INFO - Platform: Clothing, Epoch: 16, Train Loss: 0.267700, Val Loss: 0.259581
2026-03-23 14:49:39,475 - FeatureDistillation - INFO - Platform: Clothing, Epoch: 17, Train Loss: 0.267626, Val Loss: 0.261344
2026-03-23 14:49:39,638 - FeatureDistillation - INFO - Platform: Clothing, Epoch: 18, Train Loss: 0.267555, Val Loss: 0.259257
2026-03-23 14:49:39,803 - FeatureDistillation - INFO - Platform: Clothing, Epoch: 19, Train Loss: 0.267435, Val Loss: 0.259861
2026-03-23 14:49:39,966 - FeatureDistillation - INFO - Platform: Clothing, Epoch: 20, Train Loss: 0.267193, Val Loss: 0.259582
2026-03-23 14:49:40,130 - FeatureDistillation - INFO - Platform: Clothing, Epoch: 21, Train Loss: 0.266970, Val Loss: 0.259371
2026-03-23 14:49:40,293 - FeatureDistillation - INFO - Platform: Clothing, Epoch: 22, Train Loss: 0.267063, Val Loss: 0.261072
2026-03-23 14:49:40,451 - FeatureDistillation - INFO - Platform: Clothing, Epoch: 23, Train Loss: 0.266442, Val Loss: 0.260045
2026-03-23 14:49:40,615 - FeatureDistillation - INFO - Platform: Clothing, Epoch: 24, Train Loss: 0.266087, Val Loss: 0.259930
2026-03-23 14:49:40,778 - FeatureDistillation - INFO - Platform: Clothing, Epoch: 25, Train Loss: 0.266516, Val Loss: 0.258825
2026-03-23 14:49:40,936 - FeatureDistillation - INFO - Platform: Clothing, Epoch: 26, Train Loss: 0.265732, Val Loss: 0.258979
2026-03-23 14:49:41,099 - FeatureDistillation - INFO - Platform: Clothing, Epoch: 27, Train Loss: 0.265922, Val Loss: 0.259691
2026-03-23 14:49:41,258 - FeatureDistillation - INFO - Platform: Clothing, Epoch: 28, Train Loss: 0.266995, Val Loss: 0.260256
2026-03-23 14:49:41,415 - FeatureDistillation - INFO - Platform: Clothing, Epoch: 29, Train Loss: 0.265800, Val Loss: 0.258825
2026-03-23 14:49:41,566 - FeatureDistillation - INFO - Platform: Clothing, Epoch: 30, Train Loss: 0.265813, Val Loss: 0.260003
2026-03-23 14:49:41,730 - FeatureDistillation - INFO - Platform: Clothing, Epoch: 31, Train Loss: 0.266271, Val Loss: 0.259195
2026-03-23 14:49:41,894 - FeatureDistillation - INFO - Platform: Clothing, Epoch: 32, Train Loss: 0.265688, Val Loss: 0.258881
2026-03-23 14:49:42,057 - FeatureDistillation - INFO - Early stopping at epoch 33 for Clothing!
2026-03-23 14:49:42,288 - FeatureDistillation - INFO - Platform Clothing evaluation metrics: {'AUC': 0.6715259720316946, 'F1-score': 0.5692307692307692}
2026-03-23 14:49:42,288 - FeatureDistillation - INFO - Running hyperparam sensitivity analysis for α=0.7
2026-03-23 14:49:42,444 - FeatureDistillation - INFO - Platform: Books, Epoch: 1, Train Loss: 0.256660, Val Loss: 0.212895
2026-03-23 14:49:42,594 - FeatureDistillation - INFO - Platform: Books, Epoch: 2, Train Loss: 0.205349, Val Loss: 0.195291
2026-03-23 14:49:42,754 - FeatureDistillation - INFO - Platform: Books, Epoch: 3, Train Loss: 0.196977, Val Loss: 0.197216
2026-03-23 14:49:42,912 - FeatureDistillation - INFO - Platform: Books, Epoch: 4, Train Loss: 0.194911, Val Loss: 0.199938
2026-03-23 14:49:43,064 - FeatureDistillation - INFO - Platform: Books, Epoch: 5, Train Loss: 0.194636, Val Loss: 0.195397
2026-03-23 14:49:43,221 - FeatureDistillation - INFO - Platform: Books, Epoch: 6, Train Loss: 0.193428, Val Loss: 0.194751
2026-03-23 14:49:43,378 - FeatureDistillation - INFO - Platform: Books, Epoch: 7, Train Loss: 0.191984, Val Loss: 0.195244
2026-03-23 14:49:43,523 - FeatureDistillation - INFO - Platform: Books, Epoch: 8, Train Loss: 0.192724, Val Loss: 0.196666
2026-03-23 14:49:43,669 - FeatureDistillation - INFO - Platform: Books, Epoch: 9, Train Loss: 0.192173, Val Loss: 0.195310
2026-03-23 14:49:43,820 - FeatureDistillation - INFO - Platform: Books, Epoch: 10, Train Loss: 0.191971, Val Loss: 0.193962
2026-03-23 14:49:43,972 - FeatureDistillation - INFO - Platform: Books, Epoch: 11, Train Loss: 0.190081, Val Loss: 0.192812
2026-03-23 14:49:44,124 - FeatureDistillation - INFO - Platform: Books, Epoch: 12, Train Loss: 0.190902, Val Loss: 0.193213
2026-03-23 14:49:44,275 - FeatureDistillation - INFO - Platform: Books, Epoch: 13, Train Loss: 0.189199, Val Loss: 0.194053
2026-03-23 14:49:44,432 - FeatureDistillation - INFO - Platform: Books, Epoch: 14, Train Loss: 0.189778, Val Loss: 0.192699
2026-03-23 14:49:44,590 - FeatureDistillation - INFO - Platform: Books, Epoch: 15, Train Loss: 0.189580, Val Loss: 0.193218
2026-03-23 14:49:44,735 - FeatureDistillation - INFO - Platform: Books, Epoch: 16, Train Loss: 0.189705, Val Loss: 0.194399
2026-03-23 14:49:44,887 - FeatureDistillation - INFO - Platform: Books, Epoch: 17, Train Loss: 0.189811, Val Loss: 0.192700
2026-03-23 14:49:45,033 - FeatureDistillation - INFO - Platform: Books, Epoch: 18, Train Loss: 0.189463, Val Loss: 0.192926
2026-03-23 14:49:45,184 - FeatureDistillation - INFO - Platform: Books, Epoch: 19, Train Loss: 0.188458, Val Loss: 0.193523
2026-03-23 14:49:45,342 - FeatureDistillation - INFO - Platform: Books, Epoch: 20, Train Loss: 0.188859, Val Loss: 0.192197
2026-03-23 14:49:45,487 - FeatureDistillation - INFO - Platform: Books, Epoch: 21, Train Loss: 0.189273, Val Loss: 0.192976
2026-03-23 14:49:45,632 - FeatureDistillation - INFO - Platform: Books, Epoch: 22, Train Loss: 0.188061, Val Loss: 0.192658
2026-03-23 14:49:45,784 - FeatureDistillation - INFO - Platform: Books, Epoch: 23, Train Loss: 0.188770, Val Loss: 0.191892
2026-03-23 14:49:45,925 - FeatureDistillation - INFO - Platform: Books, Epoch: 24, Train Loss: 0.188635, Val Loss: 0.191708
2026-03-23 14:49:46,073 - FeatureDistillation - INFO - Platform: Books, Epoch: 25, Train Loss: 0.189071, Val Loss: 0.192160
2026-03-23 14:49:46,227 - FeatureDistillation - INFO - Platform: Books, Epoch: 26, Train Loss: 0.188151, Val Loss: 0.191859
2026-03-23 14:49:46,377 - FeatureDistillation - INFO - Platform: Books, Epoch: 27, Train Loss: 0.189278, Val Loss: 0.192201
2026-03-23 14:49:46,530 - FeatureDistillation - INFO - Platform: Books, Epoch: 28, Train Loss: 0.188204, Val Loss: 0.191564
2026-03-23 14:49:46,681 - FeatureDistillation - INFO - Platform: Books, Epoch: 29, Train Loss: 0.189002, Val Loss: 0.192260
2026-03-23 14:49:46,833 - FeatureDistillation - INFO - Platform: Books, Epoch: 30, Train Loss: 0.188581, Val Loss: 0.191429
2026-03-23 14:49:46,983 - FeatureDistillation - INFO - Platform: Books, Epoch: 31, Train Loss: 0.188329, Val Loss: 0.191745
2026-03-23 14:49:47,135 - FeatureDistillation - INFO - Platform: Books, Epoch: 32, Train Loss: 0.188389, Val Loss: 0.192035
2026-03-23 14:49:47,281 - FeatureDistillation - INFO - Platform: Books, Epoch: 33, Train Loss: 0.187830, Val Loss: 0.192405
2026-03-23 14:49:47,432 - FeatureDistillation - INFO - Platform: Books, Epoch: 34, Train Loss: 0.188505, Val Loss: 0.191744
2026-03-23 14:49:47,579 - FeatureDistillation - INFO - Platform: Books, Epoch: 35, Train Loss: 0.188046, Val Loss: 0.193095
2026-03-23 14:49:47,742 - FeatureDistillation - INFO - Platform: Books, Epoch: 36, Train Loss: 0.188110, Val Loss: 0.191426
2026-03-23 14:49:47,893 - FeatureDistillation - INFO - Platform: Books, Epoch: 37, Train Loss: 0.187437, Val Loss: 0.192248
2026-03-23 14:49:48,044 - FeatureDistillation - INFO - Platform: Books, Epoch: 38, Train Loss: 0.187689, Val Loss: 0.191725
2026-03-23 14:49:48,193 - FeatureDistillation - INFO - Platform: Books, Epoch: 39, Train Loss: 0.186797, Val Loss: 0.191527
2026-03-23 14:49:48,349 - FeatureDistillation - INFO - Platform: Books, Epoch: 40, Train Loss: 0.186604, Val Loss: 0.192223
2026-03-23 14:49:48,499 - FeatureDistillation - INFO - Platform: Books, Epoch: 41, Train Loss: 0.186742, Val Loss: 0.191242
2026-03-23 14:49:48,650 - FeatureDistillation - INFO - Platform: Books, Epoch: 42, Train Loss: 0.187653, Val Loss: 0.191396
2026-03-23 14:49:48,801 - FeatureDistillation - INFO - Platform: Books, Epoch: 43, Train Loss: 0.186836, Val Loss: 0.191545
2026-03-23 14:49:48,948 - FeatureDistillation - INFO - Platform: Books, Epoch: 44, Train Loss: 0.186438, Val Loss: 0.191457
2026-03-23 14:49:49,099 - FeatureDistillation - INFO - Platform: Books, Epoch: 45, Train Loss: 0.187443, Val Loss: 0.191388
2026-03-23 14:49:49,250 - FeatureDistillation - INFO - Platform: Books, Epoch: 46, Train Loss: 0.187927, Val Loss: 0.191508
2026-03-23 14:49:49,402 - FeatureDistillation - INFO - Platform: Books, Epoch: 47, Train Loss: 0.185796, Val Loss: 0.191339
2026-03-23 14:49:49,548 - FeatureDistillation - INFO - Platform: Books, Epoch: 48, Train Loss: 0.186279, Val Loss: 0.191316
2026-03-23 14:49:49,711 - FeatureDistillation - INFO - Early stopping at epoch 49 for Books!
2026-03-23 14:49:49,941 - FeatureDistillation - INFO - Platform Books evaluation metrics: {'AUC': 0.699218565001184, 'F1-score': 0.6424870466321243}
2026-03-23 14:49:50,136 - FeatureDistillation - INFO - Platform: Electronics, Epoch: 1, Train Loss: 0.251332, Val Loss: 0.216652
2026-03-23 14:49:50,311 - FeatureDistillation - INFO - Platform: Electronics, Epoch: 2, Train Loss: 0.211035, Val Loss: 0.196204
2026-03-23 14:49:50,475 - FeatureDistillation - INFO - Platform: Electronics, Epoch: 3, Train Loss: 0.197217, Val Loss: 0.189142
2026-03-23 14:49:50,632 - FeatureDistillation - INFO - Platform: Electronics, Epoch: 4, Train Loss: 0.193478, Val Loss: 0.184017
2026-03-23 14:49:50,788 - FeatureDistillation - INFO - Platform: Electronics, Epoch: 5, Train Loss: 0.191049, Val Loss: 0.182830
2026-03-23 14:49:50,952 - FeatureDistillation - INFO - Platform: Electronics, Epoch: 6, Train Loss: 0.189948, Val Loss: 0.182297
2026-03-23 14:49:51,105 - FeatureDistillation - INFO - Platform: Electronics, Epoch: 7, Train Loss: 0.188388, Val Loss: 0.183491
2026-03-23 14:49:51,275 - FeatureDistillation - INFO - Platform: Electronics, Epoch: 8, Train Loss: 0.186895, Val Loss: 0.182474
2026-03-23 14:49:51,432 - FeatureDistillation - INFO - Platform: Electronics, Epoch: 9, Train Loss: 0.186684, Val Loss: 0.184023
2026-03-23 14:49:51,596 - FeatureDistillation - INFO - Platform: Electronics, Epoch: 10, Train Loss: 0.188009, Val Loss: 0.180898
2026-03-23 14:49:51,759 - FeatureDistillation - INFO - Platform: Electronics, Epoch: 11, Train Loss: 0.185753, Val Loss: 0.181080
2026-03-23 14:49:51,978 - FeatureDistillation - INFO - Platform: Electronics, Epoch: 12, Train Loss: 0.186372, Val Loss: 0.179784
2026-03-23 14:49:52,177 - FeatureDistillation - INFO - Platform: Electronics, Epoch: 13, Train Loss: 0.184484, Val Loss: 0.180053
2026-03-23 14:49:52,384 - FeatureDistillation - INFO - Platform: Electronics, Epoch: 14, Train Loss: 0.184711, Val Loss: 0.178500
2026-03-23 14:49:52,554 - FeatureDistillation - INFO - Platform: Electronics, Epoch: 15, Train Loss: 0.183215, Val Loss: 0.179742
2026-03-23 14:49:52,711 - FeatureDistillation - INFO - Platform: Electronics, Epoch: 16, Train Loss: 0.183757, Val Loss: 0.178755
2026-03-23 14:49:52,881 - FeatureDistillation - INFO - Platform: Electronics, Epoch: 17, Train Loss: 0.182837, Val Loss: 0.176823
2026-03-23 14:49:53,050 - FeatureDistillation - INFO - Platform: Electronics, Epoch: 18, Train Loss: 0.182391, Val Loss: 0.177641
2026-03-23 14:49:53,245 - FeatureDistillation - INFO - Platform: Electronics, Epoch: 19, Train Loss: 0.183690, Val Loss: 0.178407
2026-03-23 14:49:53,438 - FeatureDistillation - INFO - Platform: Electronics, Epoch: 20, Train Loss: 0.183953, Val Loss: 0.177594
2026-03-23 14:49:53,652 - FeatureDistillation - INFO - Platform: Electronics, Epoch: 21, Train Loss: 0.181026, Val Loss: 0.179116
2026-03-23 14:49:53,857 - FeatureDistillation - INFO - Platform: Electronics, Epoch: 22, Train Loss: 0.180876, Val Loss: 0.178199
2026-03-23 14:49:54,057 - FeatureDistillation - INFO - Platform: Electronics, Epoch: 23, Train Loss: 0.182075, Val Loss: 0.177342
2026-03-23 14:49:54,280 - FeatureDistillation - INFO - Platform: Electronics, Epoch: 24, Train Loss: 0.179906, Val Loss: 0.176694
2026-03-23 14:49:54,486 - FeatureDistillation - INFO - Platform: Electronics, Epoch: 25, Train Loss: 0.181293, Val Loss: 0.177540
2026-03-23 14:49:54,686 - FeatureDistillation - INFO - Platform: Electronics, Epoch: 26, Train Loss: 0.179966, Val Loss: 0.176511
2026-03-23 14:49:54,881 - FeatureDistillation - INFO - Platform: Electronics, Epoch: 27, Train Loss: 0.179255, Val Loss: 0.177198
2026-03-23 14:49:55,052 - FeatureDistillation - INFO - Platform: Electronics, Epoch: 28, Train Loss: 0.179739, Val Loss: 0.177826
2026-03-23 14:49:55,232 - FeatureDistillation - INFO - Platform: Electronics, Epoch: 29, Train Loss: 0.180469, Val Loss: 0.176374
2026-03-23 14:49:55,438 - FeatureDistillation - INFO - Platform: Electronics, Epoch: 30, Train Loss: 0.178458, Val Loss: 0.176242
2026-03-23 14:49:55,644 - FeatureDistillation - INFO - Platform: Electronics, Epoch: 31, Train Loss: 0.179837, Val Loss: 0.176854
2026-03-23 14:49:55,845 - FeatureDistillation - INFO - Platform: Electronics, Epoch: 32, Train Loss: 0.179474, Val Loss: 0.176393
2026-03-23 14:49:56,068 - FeatureDistillation - INFO - Platform: Electronics, Epoch: 33, Train Loss: 0.178644, Val Loss: 0.176424
2026-03-23 14:49:56,274 - FeatureDistillation - INFO - Platform: Electronics, Epoch: 34, Train Loss: 0.178662, Val Loss: 0.176982
2026-03-23 14:49:56,487 - FeatureDistillation - INFO - Platform: Electronics, Epoch: 35, Train Loss: 0.178941, Val Loss: 0.176840
2026-03-23 14:49:56,680 - FeatureDistillation - INFO - Platform: Electronics, Epoch: 36, Train Loss: 0.178357, Val Loss: 0.177031
2026-03-23 14:49:56,887 - FeatureDistillation - INFO - Platform: Electronics, Epoch: 37, Train Loss: 0.178688, Val Loss: 0.176678
2026-03-23 14:49:57,087 - FeatureDistillation - INFO - Early stopping at epoch 38 for Electronics!
2026-03-23 14:49:57,329 - FeatureDistillation - INFO - Platform Electronics evaluation metrics: {'AUC': 0.7429794659524389, 'F1-score': 0.6619385342789598}
2026-03-23 14:49:57,511 - FeatureDistillation - INFO - Platform: Clothing, Epoch: 1, Train Loss: 0.247324, Val Loss: 0.216412
2026-03-23 14:49:57,726 - FeatureDistillation - INFO - Platform: Clothing, Epoch: 2, Train Loss: 0.215288, Val Loss: 0.208873
2026-03-23 14:49:57,929 - FeatureDistillation - INFO - Platform: Clothing, Epoch: 3, Train Loss: 0.208099, Val Loss: 0.199075
2026-03-23 14:49:58,153 - FeatureDistillation - INFO - Platform: Clothing, Epoch: 4, Train Loss: 0.204240, Val Loss: 0.197347
2026-03-23 14:49:58,371 - FeatureDistillation - INFO - Platform: Clothing, Epoch: 5, Train Loss: 0.203134, Val Loss: 0.196939
2026-03-23 14:49:58,583 - FeatureDistillation - INFO - Platform: Clothing, Epoch: 6, Train Loss: 0.202856, Val Loss: 0.196610
2026-03-23 14:49:58,819 - FeatureDistillation - INFO - Platform: Clothing, Epoch: 7, Train Loss: 0.203297, Val Loss: 0.196186
2026-03-23 14:49:59,053 - FeatureDistillation - INFO - Platform: Clothing, Epoch: 8, Train Loss: 0.202574, Val Loss: 0.197104
2026-03-23 14:49:59,286 - FeatureDistillation - INFO - Platform: Clothing, Epoch: 9, Train Loss: 0.202054, Val Loss: 0.198412
2026-03-23 14:49:59,505 - FeatureDistillation - INFO - Platform: Clothing, Epoch: 10, Train Loss: 0.202526, Val Loss: 0.196242
2026-03-23 14:49:59,681 - FeatureDistillation - INFO - Platform: Clothing, Epoch: 11, Train Loss: 0.201776, Val Loss: 0.195989
2026-03-23 14:49:59,850 - FeatureDistillation - INFO - Platform: Clothing, Epoch: 12, Train Loss: 0.202013, Val Loss: 0.195619
2026-03-23 14:50:00,014 - FeatureDistillation - INFO - Platform: Clothing, Epoch: 13, Train Loss: 0.202348, Val Loss: 0.196975
2026-03-23 14:50:00,178 - FeatureDistillation - INFO - Platform: Clothing, Epoch: 14, Train Loss: 0.201664, Val Loss: 0.195689
2026-03-23 14:50:00,353 - FeatureDistillation - INFO - Platform: Clothing, Epoch: 15, Train Loss: 0.202217, Val Loss: 0.195672
2026-03-23 14:50:00,553 - FeatureDistillation - INFO - Platform: Clothing, Epoch: 16, Train Loss: 0.201801, Val Loss: 0.196026
2026-03-23 14:50:00,771 - FeatureDistillation - INFO - Platform: Clothing, Epoch: 17, Train Loss: 0.201503, Val Loss: 0.196280
2026-03-23 14:50:00,989 - FeatureDistillation - INFO - Platform: Clothing, Epoch: 18, Train Loss: 0.200286, Val Loss: 0.195101
2026-03-23 14:50:01,219 - FeatureDistillation - INFO - Platform: Clothing, Epoch: 19, Train Loss: 0.201157, Val Loss: 0.195287
2026-03-23 14:50:01,419 - FeatureDistillation - INFO - Platform: Clothing, Epoch: 20, Train Loss: 0.201484, Val Loss: 0.195421
2026-03-23 14:50:01,638 - FeatureDistillation - INFO - Platform: Clothing, Epoch: 21, Train Loss: 0.201196, Val Loss: 0.194940
2026-03-23 14:50:01,875 - FeatureDistillation - INFO - Platform: Clothing, Epoch: 22, Train Loss: 0.200776, Val Loss: 0.195188
2026-03-23 14:50:02,046 - FeatureDistillation - INFO - Platform: Clothing, Epoch: 23, Train Loss: 0.200943, Val Loss: 0.195033
2026-03-23 14:50:02,213 - FeatureDistillation - INFO - Platform: Clothing, Epoch: 24, Train Loss: 0.200059, Val Loss: 0.195436
2026-03-23 14:50:02,383 - FeatureDistillation - INFO - Platform: Clothing, Epoch: 25, Train Loss: 0.200554, Val Loss: 0.196454
2026-03-23 14:50:02,551 - FeatureDistillation - INFO - Platform: Clothing, Epoch: 26, Train Loss: 0.200602, Val Loss: 0.195682
2026-03-23 14:50:02,708 - FeatureDistillation - INFO - Platform: Clothing, Epoch: 27, Train Loss: 0.200196, Val Loss: 0.195552
2026-03-23 14:50:02,872 - FeatureDistillation - INFO - Platform: Clothing, Epoch: 28, Train Loss: 0.200160, Val Loss: 0.195901
2026-03-23 14:50:03,032 - FeatureDistillation - INFO - Early stopping at epoch 29 for Clothing!
2026-03-23 14:50:03,253 - FeatureDistillation - INFO - Platform Clothing evaluation metrics: {'AUC': 0.6770541143711225, 'F1-score': 0.62004662004662}
2026-03-23 14:50:03,253 - FeatureDistillation - INFO - Running hyperparam sensitivity analysis for α=0.8
2026-03-23 14:50:03,461 - FeatureDistillation - INFO - Platform: Books, Epoch: 1, Train Loss: 0.190173, Val Loss: 0.150604
2026-03-23 14:50:03,672 - FeatureDistillation - INFO - Platform: Books, Epoch: 2, Train Loss: 0.139879, Val Loss: 0.131977
2026-03-23 14:50:03,868 - FeatureDistillation - INFO - Platform: Books, Epoch: 3, Train Loss: 0.134546, Val Loss: 0.132080
2026-03-23 14:50:04,077 - FeatureDistillation - INFO - Platform: Books, Epoch: 4, Train Loss: 0.132047, Val Loss: 0.130927
2026-03-23 14:50:04,277 - FeatureDistillation - INFO - Platform: Books, Epoch: 5, Train Loss: 0.130043, Val Loss: 0.129688
2026-03-23 14:50:04,450 - FeatureDistillation - INFO - Platform: Books, Epoch: 6, Train Loss: 0.130661, Val Loss: 0.130238
2026-03-23 14:50:04,603 - FeatureDistillation - INFO - Platform: Books, Epoch: 7, Train Loss: 0.128925, Val Loss: 0.130878
2026-03-23 14:50:04,761 - FeatureDistillation - INFO - Platform: Books, Epoch: 8, Train Loss: 0.128387, Val Loss: 0.129412
2026-03-23 14:50:04,909 - FeatureDistillation - INFO - Platform: Books, Epoch: 9, Train Loss: 0.128131, Val Loss: 0.129453
2026-03-23 14:50:05,062 - FeatureDistillation - INFO - Platform: Books, Epoch: 10, Train Loss: 0.126950, Val Loss: 0.129429
2026-03-23 14:50:05,213 - FeatureDistillation - INFO - Platform: Books, Epoch: 11, Train Loss: 0.127148, Val Loss: 0.129844
2026-03-23 14:50:05,368 - FeatureDistillation - INFO - Platform: Books, Epoch: 12, Train Loss: 0.128154, Val Loss: 0.128983
2026-03-23 14:50:05,518 - FeatureDistillation - INFO - Platform: Books, Epoch: 13, Train Loss: 0.127801, Val Loss: 0.129341
2026-03-23 14:50:05,670 - FeatureDistillation - INFO - Platform: Books, Epoch: 14, Train Loss: 0.127798, Val Loss: 0.128899
2026-03-23 14:50:05,825 - FeatureDistillation - INFO - Platform: Books, Epoch: 15, Train Loss: 0.127135, Val Loss: 0.129606
2026-03-23 14:50:05,977 - FeatureDistillation - INFO - Platform: Books, Epoch: 16, Train Loss: 0.127585, Val Loss: 0.128636
2026-03-23 14:50:06,132 - FeatureDistillation - INFO - Platform: Books, Epoch: 17, Train Loss: 0.127628, Val Loss: 0.130720
2026-03-23 14:50:06,290 - FeatureDistillation - INFO - Platform: Books, Epoch: 18, Train Loss: 0.128254, Val Loss: 0.129024
2026-03-23 14:50:06,441 - FeatureDistillation - INFO - Platform: Books, Epoch: 19, Train Loss: 0.127061, Val Loss: 0.129688
2026-03-23 14:50:06,591 - FeatureDistillation - INFO - Platform: Books, Epoch: 20, Train Loss: 0.127113, Val Loss: 0.128886
2026-03-23 14:50:06,749 - FeatureDistillation - INFO - Platform: Books, Epoch: 21, Train Loss: 0.127378, Val Loss: 0.128977
2026-03-23 14:50:06,899 - FeatureDistillation - INFO - Platform: Books, Epoch: 22, Train Loss: 0.127368, Val Loss: 0.128813
2026-03-23 14:50:07,058 - FeatureDistillation - INFO - Platform: Books, Epoch: 23, Train Loss: 0.127791, Val Loss: 0.128647
2026-03-23 14:50:07,269 - FeatureDistillation - INFO - Early stopping at epoch 24 for Books!
2026-03-23 14:50:07,495 - FeatureDistillation - INFO - Platform Books evaluation metrics: {'AUC': 0.6964480227326545, 'F1-score': 0.6368421052631579}
2026-03-23 14:50:07,719 - FeatureDistillation - INFO - Platform: Electronics, Epoch: 1, Train Loss: 0.188958, Val Loss: 0.152023
2026-03-23 14:50:07,951 - FeatureDistillation - INFO - Platform: Electronics, Epoch: 2, Train Loss: 0.146259, Val Loss: 0.135547
2026-03-23 14:50:08,196 - FeatureDistillation - INFO - Platform: Electronics, Epoch: 3, Train Loss: 0.134993, Val Loss: 0.127287
2026-03-23 14:50:08,437 - FeatureDistillation - INFO - Platform: Electronics, Epoch: 4, Train Loss: 0.130574, Val Loss: 0.124762
2026-03-23 14:50:08,643 - FeatureDistillation - INFO - Platform: Electronics, Epoch: 5, Train Loss: 0.129641, Val Loss: 0.124219
2026-03-23 14:50:08,880 - FeatureDistillation - INFO - Platform: Electronics, Epoch: 6, Train Loss: 0.128334, Val Loss: 0.125175
2026-03-23 14:50:09,105 - FeatureDistillation - INFO - Platform: Electronics, Epoch: 7, Train Loss: 0.128838, Val Loss: 0.122982
2026-03-23 14:50:09,289 - FeatureDistillation - INFO - Platform: Electronics, Epoch: 8, Train Loss: 0.126155, Val Loss: 0.122201
2026-03-23 14:50:09,481 - FeatureDistillation - INFO - Platform: Electronics, Epoch: 9, Train Loss: 0.126575, Val Loss: 0.123519
2026-03-23 14:50:09,711 - FeatureDistillation - INFO - Platform: Electronics, Epoch: 10, Train Loss: 0.126591, Val Loss: 0.121826
2026-03-23 14:50:09,928 - FeatureDistillation - INFO - Platform: Electronics, Epoch: 11, Train Loss: 0.125107, Val Loss: 0.120936
2026-03-23 14:50:10,140 - FeatureDistillation - INFO - Platform: Electronics, Epoch: 12, Train Loss: 0.126144, Val Loss: 0.123118
2026-03-23 14:50:10,377 - FeatureDistillation - INFO - Platform: Electronics, Epoch: 13, Train Loss: 0.125694, Val Loss: 0.122282
2026-03-23 14:50:10,615 - FeatureDistillation - INFO - Platform: Electronics, Epoch: 14, Train Loss: 0.124259, Val Loss: 0.120615
2026-03-23 14:50:10,820 - FeatureDistillation - INFO - Platform: Electronics, Epoch: 15, Train Loss: 0.124315, Val Loss: 0.119870
2026-03-23 14:50:11,029 - FeatureDistillation - INFO - Platform: Electronics, Epoch: 16, Train Loss: 0.124298, Val Loss: 0.121522
2026-03-23 14:50:11,240 - FeatureDistillation - INFO - Platform: Electronics, Epoch: 17, Train Loss: 0.123623, Val Loss: 0.120315
2026-03-23 14:50:11,422 - FeatureDistillation - INFO - Platform: Electronics, Epoch: 18, Train Loss: 0.122997, Val Loss: 0.119820
2026-03-23 14:50:11,594 - FeatureDistillation - INFO - Platform: Electronics, Epoch: 19, Train Loss: 0.122718, Val Loss: 0.118761
2026-03-23 14:50:11,759 - FeatureDistillation - INFO - Platform: Electronics, Epoch: 20, Train Loss: 0.122164, Val Loss: 0.119826
2026-03-23 14:50:11,923 - FeatureDistillation - INFO - Platform: Electronics, Epoch: 21, Train Loss: 0.123268, Val Loss: 0.119153
2026-03-23 14:50:12,110 - FeatureDistillation - INFO - Platform: Electronics, Epoch: 22, Train Loss: 0.122223, Val Loss: 0.119031
2026-03-23 14:50:12,328 - FeatureDistillation - INFO - Platform: Electronics, Epoch: 23, Train Loss: 0.121491, Val Loss: 0.119227
2026-03-23 14:50:12,536 - FeatureDistillation - INFO - Platform: Electronics, Epoch: 24, Train Loss: 0.121685, Val Loss: 0.119650
2026-03-23 14:50:12,746 - FeatureDistillation - INFO - Platform: Electronics, Epoch: 25, Train Loss: 0.122041, Val Loss: 0.118607
2026-03-23 14:50:12,969 - FeatureDistillation - INFO - Platform: Electronics, Epoch: 26, Train Loss: 0.121242, Val Loss: 0.121032
2026-03-23 14:50:13,199 - FeatureDistillation - INFO - Platform: Electronics, Epoch: 27, Train Loss: 0.121387, Val Loss: 0.118993
2026-03-23 14:50:13,432 - FeatureDistillation - INFO - Platform: Electronics, Epoch: 28, Train Loss: 0.120892, Val Loss: 0.119133
2026-03-23 14:50:13,597 - FeatureDistillation - INFO - Platform: Electronics, Epoch: 29, Train Loss: 0.120176, Val Loss: 0.118819
2026-03-23 14:50:13,763 - FeatureDistillation - INFO - Platform: Electronics, Epoch: 30, Train Loss: 0.120610, Val Loss: 0.119445
2026-03-23 14:50:13,935 - FeatureDistillation - INFO - Platform: Electronics, Epoch: 31, Train Loss: 0.120437, Val Loss: 0.119390
2026-03-23 14:50:14,101 - FeatureDistillation - INFO - Platform: Electronics, Epoch: 32, Train Loss: 0.120832, Val Loss: 0.118716
2026-03-23 14:50:14,260 - FeatureDistillation - INFO - Early stopping at epoch 33 for Electronics!
2026-03-23 14:50:14,490 - FeatureDistillation - INFO - Platform Electronics evaluation metrics: {'AUC': 0.7415591266942618, 'F1-score': 0.6601941747572815}
2026-03-23 14:50:14,674 - FeatureDistillation - INFO - Platform: Clothing, Epoch: 1, Train Loss: 0.180674, Val Loss: 0.150584
2026-03-23 14:50:14,836 - FeatureDistillation - INFO - Platform: Clothing, Epoch: 2, Train Loss: 0.148390, Val Loss: 0.143114
2026-03-23 14:50:14,998 - FeatureDistillation - INFO - Platform: Clothing, Epoch: 3, Train Loss: 0.141212, Val Loss: 0.135927
2026-03-23 14:50:15,167 - FeatureDistillation - INFO - Platform: Clothing, Epoch: 4, Train Loss: 0.137869, Val Loss: 0.131630
2026-03-23 14:50:15,333 - FeatureDistillation - INFO - Platform: Clothing, Epoch: 5, Train Loss: 0.136395, Val Loss: 0.131205
2026-03-23 14:50:15,492 - FeatureDistillation - INFO - Platform: Clothing, Epoch: 6, Train Loss: 0.136680, Val Loss: 0.131896
2026-03-23 14:50:15,654 - FeatureDistillation - INFO - Platform: Clothing, Epoch: 7, Train Loss: 0.135977, Val Loss: 0.131234
2026-03-23 14:50:15,816 - FeatureDistillation - INFO - Platform: Clothing, Epoch: 8, Train Loss: 0.135709, Val Loss: 0.130925
2026-03-23 14:50:15,977 - FeatureDistillation - INFO - Platform: Clothing, Epoch: 9, Train Loss: 0.135913, Val Loss: 0.131810
2026-03-23 14:50:16,138 - FeatureDistillation - INFO - Platform: Clothing, Epoch: 10, Train Loss: 0.134987, Val Loss: 0.130994
2026-03-23 14:50:16,299 - FeatureDistillation - INFO - Platform: Clothing, Epoch: 11, Train Loss: 0.135434, Val Loss: 0.131185
2026-03-23 14:50:16,463 - FeatureDistillation - INFO - Platform: Clothing, Epoch: 12, Train Loss: 0.135011, Val Loss: 0.131150
2026-03-23 14:50:16,623 - FeatureDistillation - INFO - Platform: Clothing, Epoch: 13, Train Loss: 0.135212, Val Loss: 0.132022
2026-03-23 14:50:16,786 - FeatureDistillation - INFO - Platform: Clothing, Epoch: 14, Train Loss: 0.134537, Val Loss: 0.130406
2026-03-23 14:50:16,948 - FeatureDistillation - INFO - Platform: Clothing, Epoch: 15, Train Loss: 0.134466, Val Loss: 0.130391
2026-03-23 14:50:17,116 - FeatureDistillation - INFO - Platform: Clothing, Epoch: 16, Train Loss: 0.134392, Val Loss: 0.130304
2026-03-23 14:50:17,279 - FeatureDistillation - INFO - Platform: Clothing, Epoch: 17, Train Loss: 0.134354, Val Loss: 0.130844
2026-03-23 14:50:17,436 - FeatureDistillation - INFO - Platform: Clothing, Epoch: 18, Train Loss: 0.134376, Val Loss: 0.131391
2026-03-23 14:50:17,594 - FeatureDistillation - INFO - Platform: Clothing, Epoch: 19, Train Loss: 0.133819, Val Loss: 0.130436
2026-03-23 14:50:17,749 - FeatureDistillation - INFO - Platform: Clothing, Epoch: 20, Train Loss: 0.133838, Val Loss: 0.130689
2026-03-23 14:50:17,907 - FeatureDistillation - INFO - Platform: Clothing, Epoch: 21, Train Loss: 0.133687, Val Loss: 0.130093
2026-03-23 14:50:18,065 - FeatureDistillation - INFO - Platform: Clothing, Epoch: 22, Train Loss: 0.134632, Val Loss: 0.130179
2026-03-23 14:50:18,228 - FeatureDistillation - INFO - Platform: Clothing, Epoch: 23, Train Loss: 0.133262, Val Loss: 0.130062
2026-03-23 14:50:18,392 - FeatureDistillation - INFO - Platform: Clothing, Epoch: 24, Train Loss: 0.133194, Val Loss: 0.129983
2026-03-23 14:50:18,551 - FeatureDistillation - INFO - Platform: Clothing, Epoch: 25, Train Loss: 0.133083, Val Loss: 0.130343
2026-03-23 14:50:18,718 - FeatureDistillation - INFO - Platform: Clothing, Epoch: 26, Train Loss: 0.133744, Val Loss: 0.129803
2026-03-23 14:50:18,879 - FeatureDistillation - INFO - Platform: Clothing, Epoch: 27, Train Loss: 0.133693, Val Loss: 0.129770
2026-03-23 14:50:19,041 - FeatureDistillation - INFO - Platform: Clothing, Epoch: 28, Train Loss: 0.133082, Val Loss: 0.130507
2026-03-23 14:50:19,200 - FeatureDistillation - INFO - Platform: Clothing, Epoch: 29, Train Loss: 0.133872, Val Loss: 0.130467
2026-03-23 14:50:19,363 - FeatureDistillation - INFO - Platform: Clothing, Epoch: 30, Train Loss: 0.133925, Val Loss: 0.131075
2026-03-23 14:50:19,528 - FeatureDistillation - INFO - Platform: Clothing, Epoch: 31, Train Loss: 0.133636, Val Loss: 0.130279
2026-03-23 14:50:19,691 - FeatureDistillation - INFO - Platform: Clothing, Epoch: 32, Train Loss: 0.133202, Val Loss: 0.130202
2026-03-23 14:50:19,856 - FeatureDistillation - INFO - Platform: Clothing, Epoch: 33, Train Loss: 0.133495, Val Loss: 0.129732
2026-03-23 14:50:20,019 - FeatureDistillation - INFO - Platform: Clothing, Epoch: 34, Train Loss: 0.133706, Val Loss: 0.130295
2026-03-23 14:50:20,177 - FeatureDistillation - INFO - Platform: Clothing, Epoch: 35, Train Loss: 0.133191, Val Loss: 0.130529
2026-03-23 14:50:20,339 - FeatureDistillation - INFO - Platform: Clothing, Epoch: 36, Train Loss: 0.132919, Val Loss: 0.130306
2026-03-23 14:50:20,498 - FeatureDistillation - INFO - Platform: Clothing, Epoch: 37, Train Loss: 0.133203, Val Loss: 0.130422
2026-03-23 14:50:20,658 - FeatureDistillation - INFO - Platform: Clothing, Epoch: 38, Train Loss: 0.133561, Val Loss: 0.130209
2026-03-23 14:50:20,820 - FeatureDistillation - INFO - Platform: Clothing, Epoch: 39, Train Loss: 0.133406, Val Loss: 0.129849
2026-03-23 14:50:20,987 - FeatureDistillation - INFO - Platform: Clothing, Epoch: 40, Train Loss: 0.132629, Val Loss: 0.129981
2026-03-23 14:50:21,151 - FeatureDistillation - INFO - Early stopping at epoch 41 for Clothing!
2026-03-23 14:50:21,380 - FeatureDistillation - INFO - Platform Clothing evaluation metrics: {'AUC': 0.6709936323990091, 'F1-score': 0.5784313725490197}
2026-03-23 14:50:21,380 - FeatureDistillation - INFO - Running hyperparam sensitivity analysis for α=0.9
2026-03-23 14:50:21,537 - FeatureDistillation - INFO - Platform: Books, Epoch: 1, Train Loss: 0.122687, Val Loss: 0.081178
2026-03-23 14:50:21,687 - FeatureDistillation - INFO - Platform: Books, Epoch: 2, Train Loss: 0.073673, Val Loss: 0.069169
2026-03-23 14:50:21,838 - FeatureDistillation - INFO - Platform: Books, Epoch: 3, Train Loss: 0.070399, Val Loss: 0.068207
2026-03-23 14:50:21,991 - FeatureDistillation - INFO - Platform: Books, Epoch: 4, Train Loss: 0.068908, Val Loss: 0.067673
2026-03-23 14:50:22,144 - FeatureDistillation - INFO - Platform: Books, Epoch: 5, Train Loss: 0.066829, Val Loss: 0.066427
2026-03-23 14:50:22,297 - FeatureDistillation - INFO - Platform: Books, Epoch: 6, Train Loss: 0.066615, Val Loss: 0.066330
2026-03-23 14:50:22,445 - FeatureDistillation - INFO - Platform: Books, Epoch: 7, Train Loss: 0.066583, Val Loss: 0.066227
2026-03-23 14:50:22,602 - FeatureDistillation - INFO - Platform: Books, Epoch: 8, Train Loss: 0.066112, Val Loss: 0.065953
2026-03-23 14:50:22,752 - FeatureDistillation - INFO - Platform: Books, Epoch: 9, Train Loss: 0.066039, Val Loss: 0.066460
2026-03-23 14:50:22,900 - FeatureDistillation - INFO - Platform: Books, Epoch: 10, Train Loss: 0.065511, Val Loss: 0.066149
2026-03-23 14:50:23,049 - FeatureDistillation - INFO - Platform: Books, Epoch: 11, Train Loss: 0.065641, Val Loss: 0.065984
2026-03-23 14:50:23,201 - FeatureDistillation - INFO - Platform: Books, Epoch: 12, Train Loss: 0.065545, Val Loss: 0.065880
2026-03-23 14:50:23,352 - FeatureDistillation - INFO - Platform: Books, Epoch: 13, Train Loss: 0.064994, Val Loss: 0.066075
2026-03-23 14:50:23,513 - FeatureDistillation - INFO - Platform: Books, Epoch: 14, Train Loss: 0.065449, Val Loss: 0.065694
2026-03-23 14:50:23,662 - FeatureDistillation - INFO - Platform: Books, Epoch: 15, Train Loss: 0.065392, Val Loss: 0.066238
2026-03-23 14:50:23,817 - FeatureDistillation - INFO - Platform: Books, Epoch: 16, Train Loss: 0.065336, Val Loss: 0.065948
2026-03-23 14:50:23,966 - FeatureDistillation - INFO - Platform: Books, Epoch: 17, Train Loss: 0.064744, Val Loss: 0.065788
2026-03-23 14:50:24,117 - FeatureDistillation - INFO - Platform: Books, Epoch: 18, Train Loss: 0.064799, Val Loss: 0.065704
2026-03-23 14:50:24,267 - FeatureDistillation - INFO - Platform: Books, Epoch: 19, Train Loss: 0.064730, Val Loss: 0.065766
2026-03-23 14:50:24,419 - FeatureDistillation - INFO - Platform: Books, Epoch: 20, Train Loss: 0.064777, Val Loss: 0.065729
2026-03-23 14:50:24,570 - FeatureDistillation - INFO - Platform: Books, Epoch: 21, Train Loss: 0.064324, Val Loss: 0.065251
2026-03-23 14:50:24,724 - FeatureDistillation - INFO - Platform: Books, Epoch: 22, Train Loss: 0.064528, Val Loss: 0.065298
2026-03-23 14:50:24,881 - FeatureDistillation - INFO - Platform: Books, Epoch: 23, Train Loss: 0.064432, Val Loss: 0.065095
2026-03-23 14:50:25,031 - FeatureDistillation - INFO - Platform: Books, Epoch: 24, Train Loss: 0.064426, Val Loss: 0.065186
2026-03-23 14:50:25,183 - FeatureDistillation - INFO - Platform: Books, Epoch: 25, Train Loss: 0.064520, Val Loss: 0.065168
2026-03-23 14:50:25,333 - FeatureDistillation - INFO - Platform: Books, Epoch: 26, Train Loss: 0.064075, Val Loss: 0.065064
2026-03-23 14:50:25,484 - FeatureDistillation - INFO - Platform: Books, Epoch: 27, Train Loss: 0.063868, Val Loss: 0.064896
2026-03-23 14:50:25,639 - FeatureDistillation - INFO - Platform: Books, Epoch: 28, Train Loss: 0.064058, Val Loss: 0.064781
2026-03-23 14:50:25,789 - FeatureDistillation - INFO - Platform: Books, Epoch: 29, Train Loss: 0.064069, Val Loss: 0.064594
2026-03-23 14:50:25,945 - FeatureDistillation - INFO - Platform: Books, Epoch: 30, Train Loss: 0.063835, Val Loss: 0.064779
2026-03-23 14:50:26,103 - FeatureDistillation - INFO - Platform: Books, Epoch: 31, Train Loss: 0.063695, Val Loss: 0.064580
2026-03-23 14:50:26,259 - FeatureDistillation - INFO - Platform: Books, Epoch: 32, Train Loss: 0.063768, Val Loss: 0.064358
2026-03-23 14:50:26,413 - FeatureDistillation - INFO - Platform: Books, Epoch: 33, Train Loss: 0.063594, Val Loss: 0.064547
2026-03-23 14:50:26,565 - FeatureDistillation - INFO - Platform: Books, Epoch: 34, Train Loss: 0.063647, Val Loss: 0.064440
2026-03-23 14:50:26,715 - FeatureDistillation - INFO - Platform: Books, Epoch: 35, Train Loss: 0.063679, Val Loss: 0.064147
2026-03-23 14:50:26,867 - FeatureDistillation - INFO - Platform: Books, Epoch: 36, Train Loss: 0.063656, Val Loss: 0.064373
2026-03-23 14:50:27,019 - FeatureDistillation - INFO - Platform: Books, Epoch: 37, Train Loss: 0.063498, Val Loss: 0.064221
2026-03-23 14:50:27,169 - FeatureDistillation - INFO - Platform: Books, Epoch: 38, Train Loss: 0.063617, Val Loss: 0.064307
2026-03-23 14:50:27,315 - FeatureDistillation - INFO - Platform: Books, Epoch: 39, Train Loss: 0.063328, Val Loss: 0.064497
2026-03-23 14:50:27,467 - FeatureDistillation - INFO - Platform: Books, Epoch: 40, Train Loss: 0.063328, Val Loss: 0.064212
2026-03-23 14:50:27,618 - FeatureDistillation - INFO - Platform: Books, Epoch: 41, Train Loss: 0.063378, Val Loss: 0.064378
2026-03-23 14:50:27,771 - FeatureDistillation - INFO - Platform: Books, Epoch: 42, Train Loss: 0.063232, Val Loss: 0.064253
2026-03-23 14:50:27,918 - FeatureDistillation - INFO - Early stopping at epoch 43 for Books!
2026-03-23 14:50:28,139 - FeatureDistillation - INFO - Platform Books evaluation metrics: {'AUC': 0.6993369642434288, 'F1-score': 0.6402116402116402}
2026-03-23 14:50:28,306 - FeatureDistillation - INFO - Platform: Electronics, Epoch: 1, Train Loss: 0.127207, Val Loss: 0.085780
2026-03-23 14:50:28,474 - FeatureDistillation - INFO - Platform: Electronics, Epoch: 2, Train Loss: 0.080640, Val Loss: 0.070771
2026-03-23 14:50:28,637 - FeatureDistillation - INFO - Platform: Electronics, Epoch: 3, Train Loss: 0.071962, Val Loss: 0.067528
2026-03-23 14:50:28,800 - FeatureDistillation - INFO - Platform: Electronics, Epoch: 4, Train Loss: 0.069997, Val Loss: 0.066726
2026-03-23 14:50:28,965 - FeatureDistillation - INFO - Platform: Electronics, Epoch: 5, Train Loss: 0.068559, Val Loss: 0.065393
2026-03-23 14:50:29,128 - FeatureDistillation - INFO - Platform: Electronics, Epoch: 6, Train Loss: 0.067048, Val Loss: 0.063896
2026-03-23 14:50:29,294 - FeatureDistillation - INFO - Platform: Electronics, Epoch: 7, Train Loss: 0.066406, Val Loss: 0.063336
2026-03-23 14:50:29,461 - FeatureDistillation - INFO - Platform: Electronics, Epoch: 8, Train Loss: 0.066024, Val Loss: 0.063334
2026-03-23 14:50:29,630 - FeatureDistillation - INFO - Platform: Electronics, Epoch: 9, Train Loss: 0.065918, Val Loss: 0.062877
2026-03-23 14:50:29,790 - FeatureDistillation - INFO - Platform: Electronics, Epoch: 10, Train Loss: 0.065718, Val Loss: 0.062756
2026-03-23 14:50:29,954 - FeatureDistillation - INFO - Platform: Electronics, Epoch: 11, Train Loss: 0.065430, Val Loss: 0.063163
2026-03-23 14:50:30,120 - FeatureDistillation - INFO - Platform: Electronics, Epoch: 12, Train Loss: 0.064951, Val Loss: 0.061619
2026-03-23 14:50:30,278 - FeatureDistillation - INFO - Platform: Electronics, Epoch: 13, Train Loss: 0.064674, Val Loss: 0.061743
2026-03-23 14:50:30,443 - FeatureDistillation - INFO - Platform: Electronics, Epoch: 14, Train Loss: 0.064319, Val Loss: 0.061203
2026-03-23 14:50:30,618 - FeatureDistillation - INFO - Platform: Electronics, Epoch: 15, Train Loss: 0.063750, Val Loss: 0.060840
2026-03-23 14:50:30,783 - FeatureDistillation - INFO - Platform: Electronics, Epoch: 16, Train Loss: 0.063976, Val Loss: 0.060747
2026-03-23 14:50:30,947 - FeatureDistillation - INFO - Platform: Electronics, Epoch: 17, Train Loss: 0.063541, Val Loss: 0.060853
2026-03-23 14:50:31,115 - FeatureDistillation - INFO - Platform: Electronics, Epoch: 18, Train Loss: 0.063321, Val Loss: 0.060299
2026-03-23 14:50:31,283 - FeatureDistillation - INFO - Platform: Electronics, Epoch: 19, Train Loss: 0.063577, Val Loss: 0.060615
2026-03-23 14:50:31,446 - FeatureDistillation - INFO - Platform: Electronics, Epoch: 20, Train Loss: 0.062684, Val Loss: 0.060657
2026-03-23 14:50:31,607 - FeatureDistillation - INFO - Platform: Electronics, Epoch: 21, Train Loss: 0.062782, Val Loss: 0.059956
2026-03-23 14:50:31,766 - FeatureDistillation - INFO - Platform: Electronics, Epoch: 22, Train Loss: 0.062856, Val Loss: 0.060090
2026-03-23 14:50:31,929 - FeatureDistillation - INFO - Platform: Electronics, Epoch: 23, Train Loss: 0.062408, Val Loss: 0.059771
2026-03-23 14:50:32,092 - FeatureDistillation - INFO - Platform: Electronics, Epoch: 24, Train Loss: 0.062389, Val Loss: 0.059768
2026-03-23 14:50:32,252 - FeatureDistillation - INFO - Platform: Electronics, Epoch: 25, Train Loss: 0.061783, Val Loss: 0.060953
2026-03-23 14:50:32,418 - FeatureDistillation - INFO - Platform: Electronics, Epoch: 26, Train Loss: 0.062609, Val Loss: 0.060138
2026-03-23 14:50:32,587 - FeatureDistillation - INFO - Platform: Electronics, Epoch: 27, Train Loss: 0.062308, Val Loss: 0.059629
2026-03-23 14:50:32,746 - FeatureDistillation - INFO - Platform: Electronics, Epoch: 28, Train Loss: 0.061598, Val Loss: 0.059937
2026-03-23 14:50:32,916 - FeatureDistillation - INFO - Platform: Electronics, Epoch: 29, Train Loss: 0.061711, Val Loss: 0.059341
2026-03-23 14:50:33,092 - FeatureDistillation - INFO - Platform: Electronics, Epoch: 30, Train Loss: 0.061492, Val Loss: 0.059730
2026-03-23 14:50:33,256 - FeatureDistillation - INFO - Platform: Electronics, Epoch: 31, Train Loss: 0.061340, Val Loss: 0.059382
2026-03-23 14:50:33,424 - FeatureDistillation - INFO - Platform: Electronics, Epoch: 32, Train Loss: 0.061396, Val Loss: 0.059364
2026-03-23 14:50:33,585 - FeatureDistillation - INFO - Platform: Electronics, Epoch: 33, Train Loss: 0.061096, Val Loss: 0.060135
2026-03-23 14:50:33,742 - FeatureDistillation - INFO - Platform: Electronics, Epoch: 34, Train Loss: 0.061077, Val Loss: 0.059384
2026-03-23 14:50:33,902 - FeatureDistillation - INFO - Platform: Electronics, Epoch: 35, Train Loss: 0.061227, Val Loss: 0.059884
2026-03-23 14:50:34,066 - FeatureDistillation - INFO - Platform: Electronics, Epoch: 36, Train Loss: 0.060512, Val Loss: 0.059203
2026-03-23 14:50:34,233 - FeatureDistillation - INFO - Platform: Electronics, Epoch: 37, Train Loss: 0.060781, Val Loss: 0.059204
2026-03-23 14:50:34,399 - FeatureDistillation - INFO - Platform: Electronics, Epoch: 38, Train Loss: 0.060767, Val Loss: 0.059190
2026-03-23 14:50:34,554 - FeatureDistillation - INFO - Platform: Electronics, Epoch: 39, Train Loss: 0.060443, Val Loss: 0.059409
2026-03-23 14:50:34,713 - FeatureDistillation - INFO - Platform: Electronics, Epoch: 40, Train Loss: 0.060644, Val Loss: 0.059566
2026-03-23 14:50:34,881 - FeatureDistillation - INFO - Platform: Electronics, Epoch: 41, Train Loss: 0.060592, Val Loss: 0.059123
2026-03-23 14:50:35,041 - FeatureDistillation - INFO - Platform: Electronics, Epoch: 42, Train Loss: 0.060638, Val Loss: 0.059070
2026-03-23 14:50:35,210 - FeatureDistillation - INFO - Platform: Electronics, Epoch: 43, Train Loss: 0.060109, Val Loss: 0.059132
2026-03-23 14:50:35,375 - FeatureDistillation - INFO - Platform: Electronics, Epoch: 44, Train Loss: 0.060424, Val Loss: 0.059128
2026-03-23 14:50:35,538 - FeatureDistillation - INFO - Platform: Electronics, Epoch: 45, Train Loss: 0.060361, Val Loss: 0.059126
2026-03-23 14:50:35,703 - FeatureDistillation - INFO - Platform: Electronics, Epoch: 46, Train Loss: 0.060477, Val Loss: 0.059269
2026-03-23 14:50:35,864 - FeatureDistillation - INFO - Platform: Electronics, Epoch: 47, Train Loss: 0.060291, Val Loss: 0.059338
2026-03-23 14:50:36,032 - FeatureDistillation - INFO - Platform: Electronics, Epoch: 48, Train Loss: 0.060510, Val Loss: 0.059653
2026-03-23 14:50:36,193 - FeatureDistillation - INFO - Platform: Electronics, Epoch: 49, Train Loss: 0.060776, Val Loss: 0.059136
2026-03-23 14:50:36,356 - FeatureDistillation - INFO - Platform: Electronics, Epoch: 50, Train Loss: 0.060128, Val Loss: 0.059012
2026-03-23 14:50:36,583 - FeatureDistillation - INFO - Platform Electronics evaluation metrics: {'AUC': 0.7360806752698645, 'F1-score': 0.639225181598063}
2026-03-23 14:50:36,761 - FeatureDistillation - INFO - Platform: Clothing, Epoch: 1, Train Loss: 0.114659, Val Loss: 0.079682
2026-03-23 14:50:36,930 - FeatureDistillation - INFO - Platform: Clothing, Epoch: 2, Train Loss: 0.079287, Val Loss: 0.075413
2026-03-23 14:50:37,096 - FeatureDistillation - INFO - Platform: Clothing, Epoch: 3, Train Loss: 0.074288, Val Loss: 0.070717
2026-03-23 14:50:37,258 - FeatureDistillation - INFO - Platform: Clothing, Epoch: 4, Train Loss: 0.072536, Val Loss: 0.069158
2026-03-23 14:50:37,419 - FeatureDistillation - INFO - Platform: Clothing, Epoch: 5, Train Loss: 0.070874, Val Loss: 0.067319
2026-03-23 14:50:37,578 - FeatureDistillation - INFO - Platform: Clothing, Epoch: 6, Train Loss: 0.069942, Val Loss: 0.066845
2026-03-23 14:50:37,738 - FeatureDistillation - INFO - Platform: Clothing, Epoch: 7, Train Loss: 0.070130, Val Loss: 0.067061
2026-03-23 14:50:37,905 - FeatureDistillation - INFO - Platform: Clothing, Epoch: 8, Train Loss: 0.069312, Val Loss: 0.066614
2026-03-23 14:50:38,072 - FeatureDistillation - INFO - Platform: Clothing, Epoch: 9, Train Loss: 0.069210, Val Loss: 0.066546
2026-03-23 14:50:38,234 - FeatureDistillation - INFO - Platform: Clothing, Epoch: 10, Train Loss: 0.068698, Val Loss: 0.066179
2026-03-23 14:50:38,394 - FeatureDistillation - INFO - Platform: Clothing, Epoch: 11, Train Loss: 0.068563, Val Loss: 0.065747
2026-03-23 14:50:38,556 - FeatureDistillation - INFO - Platform: Clothing, Epoch: 12, Train Loss: 0.068552, Val Loss: 0.065684
2026-03-23 14:50:38,720 - FeatureDistillation - INFO - Platform: Clothing, Epoch: 13, Train Loss: 0.068330, Val Loss: 0.065471
2026-03-23 14:50:38,884 - FeatureDistillation - INFO - Platform: Clothing, Epoch: 14, Train Loss: 0.067815, Val Loss: 0.065239
2026-03-23 14:50:39,050 - FeatureDistillation - INFO - Platform: Clothing, Epoch: 15, Train Loss: 0.068073, Val Loss: 0.065549
2026-03-23 14:50:39,215 - FeatureDistillation - INFO - Platform: Clothing, Epoch: 16, Train Loss: 0.067798, Val Loss: 0.065462
2026-03-23 14:50:39,378 - FeatureDistillation - INFO - Platform: Clothing, Epoch: 17, Train Loss: 0.067669, Val Loss: 0.065343
2026-03-23 14:50:39,542 - FeatureDistillation - INFO - Platform: Clothing, Epoch: 18, Train Loss: 0.067978, Val Loss: 0.065629
2026-03-23 14:50:39,703 - FeatureDistillation - INFO - Platform: Clothing, Epoch: 19, Train Loss: 0.067354, Val Loss: 0.065115
2026-03-23 14:50:39,866 - FeatureDistillation - INFO - Platform: Clothing, Epoch: 20, Train Loss: 0.067733, Val Loss: 0.065270
2026-03-23 14:50:40,043 - FeatureDistillation - INFO - Platform: Clothing, Epoch: 21, Train Loss: 0.067370, Val Loss: 0.065514
2026-03-23 14:50:40,203 - FeatureDistillation - INFO - Platform: Clothing, Epoch: 22, Train Loss: 0.067349, Val Loss: 0.065072
2026-03-23 14:50:40,367 - FeatureDistillation - INFO - Platform: Clothing, Epoch: 23, Train Loss: 0.067408, Val Loss: 0.065468
2026-03-23 14:50:40,532 - FeatureDistillation - INFO - Platform: Clothing, Epoch: 24, Train Loss: 0.067560, Val Loss: 0.065373
2026-03-23 14:50:40,690 - FeatureDistillation - INFO - Platform: Clothing, Epoch: 25, Train Loss: 0.067249, Val Loss: 0.065029
2026-03-23 14:50:40,855 - FeatureDistillation - INFO - Platform: Clothing, Epoch: 26, Train Loss: 0.067256, Val Loss: 0.065089
2026-03-23 14:50:41,014 - FeatureDistillation - INFO - Platform: Clothing, Epoch: 27, Train Loss: 0.067248, Val Loss: 0.065767
2026-03-23 14:50:41,175 - FeatureDistillation - INFO - Platform: Clothing, Epoch: 28, Train Loss: 0.067216, Val Loss: 0.065205
2026-03-23 14:50:41,338 - FeatureDistillation - INFO - Platform: Clothing, Epoch: 29, Train Loss: 0.067292, Val Loss: 0.064974
2026-03-23 14:50:41,505 - FeatureDistillation - INFO - Platform: Clothing, Epoch: 30, Train Loss: 0.067150, Val Loss: 0.065047
2026-03-23 14:50:41,661 - FeatureDistillation - INFO - Platform: Clothing, Epoch: 31, Train Loss: 0.067337, Val Loss: 0.065287
2026-03-23 14:50:41,822 - FeatureDistillation - INFO - Platform: Clothing, Epoch: 32, Train Loss: 0.067498, Val Loss: 0.065430
2026-03-23 14:50:41,980 - FeatureDistillation - INFO - Platform: Clothing, Epoch: 33, Train Loss: 0.067195, Val Loss: 0.065121
2026-03-23 14:50:42,148 - FeatureDistillation - INFO - Platform: Clothing, Epoch: 34, Train Loss: 0.067148, Val Loss: 0.065374
2026-03-23 14:50:42,316 - FeatureDistillation - INFO - Platform: Clothing, Epoch: 35, Train Loss: 0.067188, Val Loss: 0.065163
2026-03-23 14:50:42,485 - FeatureDistillation - INFO - Platform: Clothing, Epoch: 36, Train Loss: 0.066875, Val Loss: 0.065267
2026-03-23 14:50:42,660 - FeatureDistillation - INFO - Early stopping at epoch 37 for Clothing!
2026-03-23 14:50:42,885 - FeatureDistillation - INFO - Platform Clothing evaluation metrics: {'AUC': 0.6719968878606088, 'F1-score': 0.5902439024390245}
2026-03-23 14:50:42,887 - FeatureDistillation - INFO - Hyperparameter sensitivity analysis completed!
2026-03-23 14:50:42,887 - FeatureDistillation - INFO - All experiments completed successfully!
2026-03-23 14:50:42,887 - FeatureDistillation - INFO - 
==================================================
2026-03-23 14:50:42,887 - FeatureDistillation - INFO - Main experiment results:
2026-03-23 14:50:42,888 - FeatureDistillation - INFO - ==================================================
2026-03-23 14:50:42,888 - FeatureDistillation - INFO - Platform: Books
2026-03-23 14:50:42,888 - FeatureDistillation - INFO -   - AUC: 0.7015
2026-03-23 14:50:42,888 - FeatureDistillation - INFO -   - F1-score: 0.6425
2026-03-23 14:50:42,888 - FeatureDistillation - INFO - Platform: Electronics
2026-03-23 14:50:42,888 - FeatureDistillation - INFO -   - AUC: 0.7409
2026-03-23 14:50:42,889 - FeatureDistillation - INFO -   - F1-score: 0.6541
2026-03-23 14:50:42,889 - FeatureDistillation - INFO - Platform: Clothing
2026-03-23 14:50:42,889 - FeatureDistillation - INFO -   - AUC: 0.6753
2026-03-23 14:50:42,889 - FeatureDistillation - INFO -   - F1-score: 0.6183
2026-03-23 14:50:42,889 - FeatureDistillation - INFO - 
MMD matrix between platforms:
2026-03-23 14:50:42,889 - FeatureDistillation - INFO - [[0.         0.26763406 0.30665275]
 [0.26763406 0.         0.2427907 ]
 [0.30665275 0.2427907  0.        ]]
2026-03-23 14:50:42,890 - FeatureDistillation - INFO - 
All experiments finished! Results saved in ./results directory.
